title,bestSeller,amazonPrime,score,total_reviews,rating,asin,url,brand1,brand2,spec,brand
TRUE METRIX Blood Glucose Test Strips NFRS 100ct (100 Test Strips),False,True,50635.2,10549,4.8,B085WBVJZZ,https://www.amazon.com/dp/B085WBVJZZ,TRUE,METRIX,Blood Glucose Test Strips NFRS 100ct (100 Test Strips),TRUE METRIX
Care Touch Blood Glucose Test Strips for Diabetes I For Use with Care Touch Blood Sugar Monitor - 1 Box of ...,False,True,45470.4,9473,4.8,B0794DFH6F,https://www.amazon.com/dp/B0794DFH6F,Care,Touch,Blood Glucose Test Strips for Diabetes I For Use with Care Touch Blood Sugar Monitor - 1 Box of ...,Care Touch
"AZO Urinary Tract Infection (UTI) Test Strips, Accurate Results in 2 Minutes, Clinically Tested, Easy to Read Results, Cle...",False,True,41984.2,9127,4.6,B00854L57U,https://www.amazon.com/dp/B00854L57U,AZO,Urinary,"Tract Infection (UTI) Test Strips, Accurate Results in 2 Minutes, Clinically Tested, Easy to Read Results, Cle...",AZO
"CONTOUR NEXT Blood Glucose Test Strips, 70 Count",True,False,33825.6,7047,4.8,B07CF8C4VX,https://www.amazon.com/dp/B07CF8C4VX,CONTOUR,NEXT,"Blood Glucose Test Strips, 70 Count",CONTOUR NEXT
Accu-Chek Guide Test Strips for Diabetic Blood Glucose Testing (Pack of 50),False,False,28358.4,5908,4.8,B0727VTQGC,https://www.amazon.com/dp/B0727VTQGC,Accu-Chek,Guide,Test Strips for Diabetic Blood Glucose Testing (Pack of 50),Accu-Chek
Accu-Chek Guide Test Strips for Diabetic Blood Glucose Testing (Pack of 100),False,False,28358.4,5908,4.8,B087NPJX1W,https://www.amazon.com/dp/B087NPJX1W,Accu-Chek,Guide,Test Strips for Diabetic Blood Glucose Testing (Pack of 100),Accu-Chek
"TRUE METRIX Blood Glucose Test Strips, 50 Count",False,True,27576.0,5745,4.8,B013UCPRKC,https://www.amazon.com/dp/B013UCPRKC,TRUE,METRIX,"Blood Glucose Test Strips, 50 Count",TRUE METRIX
Freestyle lite glucose test strips 50 count,False,False,23424.8,4984,4.7,B075VD1JTW,https://www.amazon.com/dp/B075VD1JTW,Freestyle,lite,glucose test strips 50 count,Freestyle lite
Dario 100 Blood Glucose No Coding Needed Test Strips Cartridge Set - Only for The Dario All-in-One Lancing Device and Mete...,False,True,21756.3,4629,4.7,B07JPYMWYZ,https://www.amazon.com/dp/B07JPYMWYZ,Dario,100,Blood Glucose No Coding Needed Test Strips Cartridge Set - Only for The Dario All-in-One Lancing Device and Mete...,Dario
"ReliOn Prime Blood Glucose Test Strips, 100 Count, Single Pack",False,False,19848.0,4135,4.8,B018F4BVDM,https://www.amazon.com/dp/B018F4BVDM,ReliOn,Prime,"Blood Glucose Test Strips, 100 Count, Single Pack",ReliOn Prime
OneTouch Verio Test Strips for Diabetes Value Pack - 60 Count | Diabetic Test Strips for Blood Sugar Monitor | at Home Sel...,False,True,15792.0,3290,4.8,B08L473F6W,https://www.amazon.com/dp/B08L473F6W,OneTouch,Verio,Test Strips for Diabetes Value Pack - 60 Count | Diabetic Test Strips for Blood Sugar Monitor | at Home Sel...,OneTouch Verio
6 x 50 ct TRUE METRIX® NFRS Test Strips (300 Test Strips),False,True,15393.6,3207,4.8,B01LW1A51V,https://www.amazon.com/dp/B01LW1A51V,6,x,50 ct TRUE METRIX® NFRS Test Strips (300 Test Strips),TRUE METRIX
OneTouch Verio Test Strips for Diabetes - 30 Count | Diabetic Test Strips for Blood Sugar Monitor | at Home...,False,True,13606.5,2895,4.7,B08FXRYSPG,https://www.amazon.com/dp/B08FXRYSPG,OneTouch,Verio,Test Strips for Diabetes - 30 Count | Diabetic Test Strips for Blood Sugar Monitor | at Home...,OneTouch Verio
"Metene TD-4116 Blood Glucose Monitor Kit, 100 Glucometer Strips, 100 Lancets, 1 Blood Sugar Monitor, Blood ...",False,True,11884.5,2641,4.5,B09FJND82M,https://www.amazon.com/dp/B09FJND82M,Metene,TD-4116,"Blood Glucose Monitor Kit, 100 Glucometer Strips, 100 Lancets, 1 Blood Sugar Monitor, Blood ...",Metene
OneTouch Verio Test Strips for Diabetes Value Pack - 90 Count | Diabetic Test Strips for Blood Sugar Monito...,False,True,11880.0,2475,4.8,B08L47PMX6,https://www.amazon.com/dp/B08L47PMX6,OneTouch,Verio,Test Strips for Diabetes Value Pack - 90 Count | Diabetic Test Strips for Blood Sugar Monito...,OneTouch Verio
Prodigy No Coding Blood Glucose Test Strips (50 ct),False,True,11376.0,2370,4.8,B001AXVF3M,https://www.amazon.com/dp/B001AXVF3M,Prodigy,No,Coding Blood Glucose Test Strips (50 ct),Prodigy
3 x 50ct TRUE METRIX® NFRS Test Strips (150 Test Strips),False,True,10636.8,2216,4.8,B06XHXXCVV,https://www.amazon.com/dp/B06XHXXCVV,3,x,50ct TRUE METRIX® NFRS Test Strips (150 Test Strips),TRUE METRIX
2 x 50ct TRUE METRIX® NFRS Test Strips (100 Test Strips),False,True,9384.0,1955,4.8,B08L43FQ1S,https://www.amazon.com/dp/B08L43FQ1S,2,x,50ct TRUE METRIX® NFRS Test Strips (100 Test Strips),TRUE METRIX
On Call Express Blood Glucose Test Strips (50 Count),False,True,7896.0,1680,4.7,B00NOKWZLK,https://www.amazon.com/dp/B00NOKWZLK,On,Call,Express Blood Glucose Test Strips (50 Count),On Call
Prodigy Test Strip Bundle (300ct),False,False,7852.8,1636,4.8,B01F69L0U8,https://www.amazon.com/dp/B01F69L0U8,Prodigy,Test,Strip Bundle (300ct),Prodigy
Accu-Chek Guide Me Meter for Diabetic Blood Glucose Testing,False,False,6903.0,1534,4.5,B07Z9N65F8,https://www.amazon.com/dp/B07Z9N65F8,Accu-Chek,Guide,Me Meter for Diabetic Blood Glucose Testing,Accu-Chek
"CONTOUR NEXT Blood Glucose Test Strips, 35 Count",False,True,7180.8,1496,4.8,B08D284QGM,https://www.amazon.com/dp/B08D284QGM,CONTOUR,NEXT,"Blood Glucose Test Strips, 35 Count",CONTOUR NEXT
"iHealth Blood Glucose Test Strips (50 Count), No Coding Blood Sugar Test, Eligible for FSA Reimbursement, Precision Sugar ...",False,True,6821.8,1483,4.6,B06XRKP8JW,https://www.amazon.com/dp/B06XRKP8JW,iHealth,Blood,"Glucose Test Strips (50 Count), No Coding Blood Sugar Test, Eligible for FSA Reimbursement, Precision Sugar ...",iHealth
"Contour Next ONE Blood Glucose Kit | Contour Next ONE Bluetooth Meter, 50 Contour Next Blood Glucose Test Strips, 50 O'WEL...",False,True,6628.6,1441,4.6,B075F7WVHD,https://www.amazon.com/dp/B075F7WVHD,Contour,Next,"ONE Blood Glucose Kit | Contour Next ONE Bluetooth Meter, 50 Contour Next Blood Glucose Test Strips, 50 O'WEL...",Contour Next
CareSens N Blood Glucose Test Strips (50 ct) - Only for CareSens N Family Meter Kits,False,True,6878.4,1433,4.8,B00CJAVTNQ,https://www.amazon.com/dp/B00CJAVTNQ,CareSens,N,Blood Glucose Test Strips (50 ct) - Only for CareSens N Family Meter Kits,CareSens N
"ACCU-CHEK Aviva Test Plus Strips, 100 Count",False,False,6711.6,1428,4.7,B001A66G4C,https://www.amazon.com/dp/B001A66G4C,ACCU-CHEK,Aviva,"Test Plus Strips, 100 Count",ACCU-CHEK Aviva
4 x 50ct TRUE METRIX® NFRS Test Strips (200 Test Strips),False,False,6744.0,1405,4.8,B01L2LODVM,https://www.amazon.com/dp/B01L2LODVM,4,x,50ct TRUE METRIX® NFRS Test Strips (200 Test Strips),TRUE METRIX
6 x 50 ct TRUE METRIX® NFRS Test Strips (300 Test Strips),False,True,6825.7,1393,4.9,B06XJG1KS9,https://www.amazon.com/dp/B06XJG1KS9,6,x,50 ct TRUE METRIX® NFRS Test Strips (300 Test Strips),TRUE METRIX
TrueTrack Test Strips 50 ct (Pack of 2) by TrueTrack,False,True,6533.0,1390,4.7,B01M7RVN1P,https://www.amazon.com/dp/B01M7RVN1P,TrueTrack,Test,Strips 50 ct (Pack of 2) by TrueTrack,TrueTrack
True Metrix Blood Glucose Test Strips Box of 50,False,True,6182.4,1288,4.8,B00Y4KOBWK,https://www.amazon.com/dp/B00Y4KOBWK,True,Metrix,Blood Glucose Test Strips Box of 50,True Metrix
"FreeStyle Precision Neo Blood Glucose Test Strips - 50 ct, Pack of 2",False,False,5793.6,1207,4.8,B073V38KDK,https://www.amazon.com/dp/B073V38KDK,FreeStyle,Precision,"Neo Blood Glucose Test Strips - 50 ct, Pack of 2",FreeStyle
"Easy Touch Eas-150 Easytouch Glucose Test Strip, 150 Count (Pack of 150)",False,True,5322.2,1157,4.6,B06WD5HRM8,https://www.amazon.com/dp/B06WD5HRM8,Easy,Touch,"Eas-150 Easytouch Glucose Test Strip, 150 Count (Pack of 150)",Easy Touch
Prodigy Test Strip Bundle (200ct),False,True,4630.5,945,4.9,B01F69KYY6,https://www.amazon.com/dp/B01F69KYY6,Prodigy,Test,Strip Bundle (200ct),Prodigy
Optiums Test Strips 100 Strips,False,True,4167.6,906,4.6,B077CX2R3B,https://www.amazon.com/dp/B077CX2R3B,Optiums,Test,Strips 100 Strips,Optiums
Prodigy No Coding Blood Glucose Test Strips 300 Count (50 Strips x 6 Packs),False,False,4339.2,904,4.8,B00D47H9HS,https://www.amazon.com/dp/B00D47H9HS,Prodigy,No,Coding Blood Glucose Test Strips 300 Count (50 Strips x 6 Packs),Prodigy
Ultra Test Strips Blue 25 Ct,False,False,4038.8,878,4.6,B00NF44GU8,https://www.amazon.com/dp/B00NF44GU8,Ultra,Test,Strips Blue 25 Ct,Ultra
"Freestyle Precision Neo Blood Glucose Test Strips, 50 Strips",False,False,3952.7,841,4.7,B015PXUZ0Q,https://www.amazon.com/dp/B015PXUZ0Q,Freestyle,Precision,"Neo Blood Glucose Test Strips, 50 Strips",Freestyle Precision
TRUE Metrix Blood Glucose Test Strips(100 Count) with 100 TRUEplus Sterile Lancets 28 Gauge,False,True,4022.4,838,4.8,B014MUOHDE,https://www.amazon.com/dp/B014MUOHDE,TRUE,Metrix,Blood Glucose Test Strips(100 Count) with 100 TRUEplus Sterile Lancets 28 Gauge,TRUE Metrix
Reli On Blood Glucose Test Strips 100 count (100),False,False,3801.6,792,4.8,B00OBWVT30,https://www.amazon.com/dp/B00OBWVT30,Reli,On,Blood Glucose Test Strips 100 count (100),Reli On
Omnis Health Embrace Blood Glucose Test Strips 100ct,False,True,3796.8,791,4.8,B00ZYBBPIG,https://www.amazon.com/dp/B00ZYBBPIG,Omnis,Health,Embrace Blood Glucose Test Strips 100ct,Omnis Health
TRUETRACK Test Strips 50ct (Pack of 4),False,True,3729.6,777,4.8,B01MCQH5FZ,https://www.amazon.com/dp/B01MCQH5FZ,TRUETRACK,Test,Strips 50ct (Pack of 4),TRUETRACK Test
Easy-Touch Glucose Test Strips 50 Count (2pack),False,False,3158.4,658,4.8,B01N14N5VR,https://www.amazon.com/dp/B01N14N5VR,Easy-Touch,Glucose,Test Strips 50 Count (2pack),Easy-Touch Glucose
GE100 Blood Glucose Test Strips - 4/Boxes of 50 Strips = 200/Total Strips,False,False,3148.8,656,4.8,B00OGXRQWW,https://www.amazon.com/dp/B00OGXRQWW,GE100,Blood,Glucose Test Strips - 4/Boxes of 50 Strips = 200/Total Strips,GE100 Blood
"Accu-Chek Aviva Plus NFR Test Strips, 50 Count",False,True,2916.4,634,4.6,B006PECJ0E,https://www.amazon.com/dp/B006PECJ0E,Accu-Chek,Aviva,"Plus NFR Test Strips, 50 Count",Accu-Chek
"Evencare Medline G2 Blood Glucose Test Strips, For self-testing with G2 Monitoring System (50 Count)",False,True,2754.2,586,4.7,B008PUEM4C,https://www.amazon.com/dp/B008PUEM4C,Evencare,Medline,"G2 Blood Glucose Test Strips, For self-testing with G2 Monitoring System (50 Count)",Evencare Medline
"Metene TD-4116 Blood Glucose Test Strips, 100 Count Blood Sugar Test Strips for Diabetes, Use with metene TD-4116 Blood Gl...",False,True,2707.2,576,4.7,B07VB22PNT,https://www.amazon.com/dp/B07VB22PNT,Metene,TD-4116,"Blood Glucose Test Strips, 100 Count Blood Sugar Test Strips for Diabetes, Use with metene TD-4116 Blood Gl...",Metene
Special Bundle - True Metrix Test Strips 100ct + Free Glucose Meter,False,False,2578.5,573,4.5,B06Y5S8D5V,https://www.amazon.com/dp/B06Y5S8D5V,Special,Bundle,- True Metrix Test Strips 100ct + Free Glucose Meter,Special Bundle
"ReliOn Prime Blood Glucose Test Strips, 50 Ct (2 Pack)",False,True,2721.6,567,4.8,B07BFH2JB4,https://www.amazon.com/dp/B07BFH2JB4,ReliOn,Prime,"Blood Glucose Test Strips, 50 Ct (2 Pack)",ReliOn Prime
"Accu-Chek Guide Test Strips - 50 ct, Pack of 2",False,True,2622.6,558,4.7,B075Y4WPXR,https://www.amazon.com/dp/B075Y4WPXR,Accu-Chek,Guide,"Test Strips - 50 ct, Pack of 2",Accu-Chek
"Arkray Glucocard Vital Test Strips, 100 Count",False,False,2416.5,537,4.5,B00FGDP9XE,https://www.amazon.com/dp/B00FGDP9XE,Arkray,Glucocard,"Vital Test Strips, 100 Count",Arkray Glucocard
TRUE METRIX Meter Only plus 50 METRIX Test Strips,False,False,2394.0,532,4.5,B071P4T288,https://www.amazon.com/dp/B071P4T288,TRUE,METRIX,Meter Only plus 50 METRIX Test Strips,TRUE METRIX
Prodigy Autocode Test Strips 100 Count,False,True,2500.8,521,4.8,B00C787NJO,https://www.amazon.com/dp/B00C787NJO,Prodigy,Autocode,Test Strips 100 Count,Prodigy
GE100 Test Strips 50ct,False,True,2476.8,516,4.8,B00CHLFWGM,https://www.amazon.com/dp/B00CHLFWGM,GE100,Test,Strips 50ct,GE100 Test
"Leader True Metrix Self Monitoring Blood Glucose Test Strips, 50 Count Per Box",False,False,2404.8,501,4.8,B015HXAED2,https://www.amazon.com/dp/B015HXAED2,Leader,True,"Metrix Self Monitoring Blood Glucose Test Strips, 50 Count Per Box",Leader True
PetTest Diabetes Blood Glucose Tests Strips for Dogs and Cats for use with PetTest Glucose Monitor (50 Strips),False,True,2119.7,451,4.7,B01AK8YDE0,https://www.amazon.com/dp/B01AK8YDE0,PetTest,Diabetes,Blood Glucose Tests Strips for Dogs and Cats for use with PetTest Glucose Monitor (50 Strips),PetTest Diabetes
The CONTOUR NEXT EZ Blood Glucose Monitoring System,False,True,1917.6,408,4.7,B009B7SK8M,https://www.amazon.com/dp/B009B7SK8M,The,CONTOUR,NEXT EZ Blood Glucose Monitoring System,The CONTOUR
Assure Platinum Glucose Test Strips for Meter 50ct,False,True,1748.0,380,4.6,B007TMMLQ8,https://www.amazon.com/dp/B007TMMLQ8,Assure,Platinum,Glucose Test Strips for Meter 50ct,Assure Platinum
"Advocate Redi-Code Glucose Test Strips 50/bx - Buy 4, Get 1 FREE",False,False,1748.0,380,4.6,B00F3J4FVS,https://www.amazon.com/dp/B00F3J4FVS,Advocate,Redi-Code,"Glucose Test Strips 50/bx - Buy 4, Get 1 FREE",Advocate Redi-Code
"CURO G6s Blood Glucose Test Strips Includes Total Test Strips 100 ea (2 x 50 Counts) by""KPI Healthcare CUROfit"" (Device NO...",False,False,1663.8,354,4.7,B07R7F4B29,https://www.amazon.com/dp/B07R7F4B29,CURO,G6s,"Blood Glucose Test Strips Includes Total Test Strips 100 ea (2 x 50 Counts) by""KPI Healthcare CUROfit"" (Device NO...",CURO G6s
Care Touch Blood Glucose Test Strips (100 Count) with 100 30-Gauge Lancets,False,True,1660.8,346,4.8,B07L9F325J,https://www.amazon.com/dp/B07L9F325J,Care,Touch,Blood Glucose Test Strips (100 Count) with 100 30-Gauge Lancets,Care Touch
TRUETRACK Blood Glucose Test Strips (300 Count),False,True,1651.2,344,4.8,B01M1ABCLI,https://www.amazon.com/dp/B01M1ABCLI,TRUETRACK,Blood,Glucose Test Strips (300 Count),TRUETRACK Blood
"O’Well Tyson Bio HT100 Blood Glucose Test Strips, 100 Count",False,True,1541.0,335,4.6,B07G4FTDL1,https://www.amazon.com/dp/B07G4FTDL1,O’Well,Tyson,"Bio HT100 Blood Glucose Test Strips, 100 Count",O’Well Tyson
100 EASYMax Blood Glucose Test Strips(2 Boxes of 50),False,False,1564.8,326,4.8,B005QZ70X4,https://www.amazon.com/dp/B005QZ70X4,100,EASYMax,Blood Glucose Test Strips(2 Boxes of 50),100 EASYMax
Embrace Blood Glucose Test Strips 200Ct,False,True,1592.5,325,4.9,B07RS5C3QT,https://www.amazon.com/dp/B07RS5C3QT,Embrace,Blood,Glucose Test Strips 200Ct,Embrace Blood
OneTouch Verio Test Strips and OneTouch Delica Plus Lancets for Diabetes Testing | 60-Count Value Pack (30 Lancets & 30 Te...,False,True,1316.0,280,4.7,B08PVZKVL4,https://www.amazon.com/dp/B08PVZKVL4,OneTouch,Verio,Test Strips and OneTouch Delica Plus Lancets for Diabetes Testing | 60-Count Value Pack (30 Lancets & 30 Te...,OneTouch Verio
Dario 100 Test Strips + 100 Lancets + Travel Case Bundle Set for Your Dario Blood Sugar Level Smart Monitoring Kit for Dia...,False,True,1334.4,278,4.8,B094SLCCVP,https://www.amazon.com/dp/B094SLCCVP,Dario,100,Test Strips + 100 Lancets + Travel Case Bundle Set for Your Dario Blood Sugar Level Smart Monitoring Kit for Dia...,Dario
"ReliOn Premier Blood Glucose Test Strips, 100 Ct (2 pk)",False,False,1273.7,271,4.7,B08F3W6N2X,https://www.amazon.com/dp/B08F3W6N2X,ReliOn,Premier,"Blood Glucose Test Strips, 100 Ct (2 pk)",ReliOn Premier
FORA Pro Voice V8 V9 Blood Glucose Test Strips for Precise Blood Sugar Measurement for Diabetes and Your Diabetic Diet - 5...,False,True,1207.9,257,4.7,B077GTMD28,https://www.amazon.com/dp/B077GTMD28,FORA,Pro,Voice V8 V9 Blood Glucose Test Strips for Precise Blood Sugar Measurement for Diabetes and Your Diabetic Diet - 5...,FORA Pro
[CUROfit] CURO-G10 Glucose Test Strips : Included Total Glucose Test Strips 50 ea ( Device NOT Included),False,True,1146.8,244,4.7,B08XYJ236V,https://www.amazon.com/dp/B08XYJ236V,[CUROfit],CURO-G10,Glucose Test Strips : Included Total Glucose Test Strips 50 ea ( Device NOT Included),[CUROfit] CURO-G10
SD Codefree Blood Glucose Test Strips,False,True,1132.7,241,4.7,B00MHZR1EY,https://www.amazon.com/dp/B00MHZR1EY,SD,Codefree,Blood Glucose Test Strips,SD Codefree
On Call Plus Bundle Deal Savings 200 Ct Test Strips,False,True,1053.0,234,4.5,B008LD1SF4,https://www.amazon.com/dp/B008LD1SF4,On,Call,Plus Bundle Deal Savings 200 Ct Test Strips,On Call
Advocate Redi-Code Plus Glucose Test Strips - 100 ct.,False,False,1095.1,233,4.7,B00IJ54L0S,https://www.amazon.com/dp/B00IJ54L0S,Advocate,Redi-Code,Plus Glucose Test Strips - 100 ct.,Advocate Redi-Code
Test Strips for Prodigy Blood Glucose Monitors - 200 Strips,False,False,1113.6,232,4.8,B07Z6LG1W7,https://www.amazon.com/dp/B07Z6LG1W7,Test,Strips,for Prodigy Blood Glucose Monitors - 200 Strips,Test Strips
ACCU-CHEK Instant 50 Test Strips,False,True,1057.5,225,4.7,B0000532HH,https://www.amazon.com/dp/B0000532HH,ACCU-CHEK,Instant,50 Test Strips,ACCU-CHEK Instant
Uric Acid Test Strips - Track What Foods and Dietary Supplements Elevate and Lower inflammatory Uric Acid. ...,False,True,828.8,224,3.7,B077JKHRJ5,https://www.amazon.com/dp/B077JKHRJ5,Uric,Acid,Test Strips - Track What Foods and Dietary Supplements Elevate and Lower inflammatory Uric Acid. ...,Uric Acid
"TRUEtrack Test Strips, 150 Count, for TRUEtrack Meter",False,False,1025.8,223,4.6,B01LXSCWHO,https://www.amazon.com/dp/B01LXSCWHO,TRUEtrack,Test,"Strips, 150 Count, for TRUEtrack Meter",TRUEtrack Test
Prodigy No Coding Blood Glucose Test Strips 500 Count,False,True,1034.0,220,4.7,B00D46QOXY,https://www.amazon.com/dp/B00D46QOXY,Prodigy,No,Coding Blood Glucose Test Strips 500 Count,Prodigy
EasyMax Test Strips 200 count- 4 boxes of 50,False,False,1051.2,219,4.8,B01MSL3M9W,https://www.amazon.com/dp/B01MSL3M9W,EasyMax,Test,Strips 200 count- 4 boxes of 50,EasyMax Test
"WaveSense Presto Test Strips, 100 Count",False,False,947.6,206,4.6,B012SA4S3Y,https://www.amazon.com/dp/B012SA4S3Y,WaveSense,Presto,"Test Strips, 100 Count",WaveSense Presto
"FreeStyle Lite Blood Glucose Test Strips - 50 ct, Pack of 8",False,False,963.5,205,4.7,B078YGC2XQ,https://www.amazon.com/dp/B078YGC2XQ,FreeStyle,Lite,"Blood Glucose Test Strips - 50 ct, Pack of 8",FreeStyle
"Advocate Redi-Code Strips, 50/Box (3 Packs of 50)",False,False,859.2,179,4.8,B06X1FHX6Y,https://www.amazon.com/dp/B06X1FHX6Y,Advocate,Redi-Code,"Strips, 50/Box (3 Packs of 50)",Advocate Redi-Code
[CUROfit] CURO-G10 Glucose Test Strips : Included Total Glucose Test Strips 100 ea ( Device NOT Included),False,True,841.3,179,4.7,B08PM85VQN,https://www.amazon.com/dp/B08PM85VQN,[CUROfit],CURO-G10,Glucose Test Strips : Included Total Glucose Test Strips 100 ea ( Device NOT Included),[CUROfit] CURO-G10
"Blood Glucose Test Strips, 50 Strips for Accu-Chek Performa 50 Count (Pack of 1)",False,True,822.5,175,4.7,B09GMZ147N,https://www.amazon.com/dp/B09GMZ147N,Blood,Glucose,"Test Strips, 50 Strips for Accu-Chek Performa 50 Count (Pack of 1)",Care Touch
True Metrix Blood Glucose Test Strips 6x50 With Monitor System,False,False,772.8,168,4.6,B074VH1Z26,https://www.amazon.com/dp/B074VH1Z26,True,Metrix,Blood Glucose Test Strips 6x50 With Monitor System,True Metrix
OneTouch Verio Test Strips for Diabetes Value Pack - 180 Count | Diabetic Test Strips for Blood Sugar Monitor | at Home Se...,False,False,784.9,167,4.7,B094DRQ926,https://www.amazon.com/dp/B094DRQ926,OneTouch,Verio,Test Strips for Diabetes Value Pack - 180 Count | Diabetic Test Strips for Blood Sugar Monitor | at Home Se...,OneTouch Verio
"McKesson 06-R3051-41 True Metrix Self Monitoring Blood Glucose Test Strip, Box of 100",False,False,775.5,165,4.7,B06XD1SSJ7,https://www.amazon.com/dp/B06XD1SSJ7,McKesson,06-R3051-41,"True Metrix Self Monitoring Blood Glucose Test Strip, Box of 100",McKesson 06-R3051-41
"Advocate Redi-Code Strips, 50/Box",False,False,711.0,158,4.5,B0070P2Z38,https://www.amazon.com/dp/B0070P2Z38,Advocate,Redi-Code,"Strips, 50/Box",Advocate Redi-Code
"GA/Bionime GE100 Diabetic Test Strips, 100 Count",False,True,733.2,156,4.7,B00UY7GN8C,https://www.amazon.com/dp/B00UY7GN8C,GA/Bionime,GE100,"Diabetic Test Strips, 100 Count",GA/Bionime GE100
CJ542050BX - GLUCOCARD Shine Blood Glucose Test Strip (50 count),False,False,713.0,155,4.6,B071SH4STX,https://www.amazon.com/dp/B071SH4STX,CJ542050BX,-,GLUCOCARD Shine Blood Glucose Test Strip (50 count),CJ542050BX -
"ReliOn 30G Ultra-Thin Lancets, 100-ct | ReliOn Prime Blood Glucose Test Strips, 25-ct | Bundled Set",False,True,629.8,134,4.7,B07P731X7M,https://www.amazon.com/dp/B07P731X7M,ReliOn,30G,"Ultra-Thin Lancets, 100-ct | ReliOn Prime Blood Glucose Test Strips, 25-ct | Bundled Set",ReliOn 30G
"CVS Health Advanced Glucose Meter Test Strips, 200CT …",False,True,625.1,133,4.7,B089MZNBLJ,https://www.amazon.com/dp/B089MZNBLJ,CVS,Health,"Advanced Glucose Meter Test Strips, 200CT …",CVS Health
Diathrive Blood Glucose Test Strips for Diabetes – 4 Second Results from 4 µm Drop of Blood – Diabetic Testing Strips for ...,False,True,615.7,131,4.7,B07K8X1F4Q,https://www.amazon.com/dp/B07K8X1F4Q,Diathrive,Blood,Glucose Test Strips for Diabetes – 4 Second Results from 4 µm Drop of Blood – Diabetic Testing Strips for ...,Diathrive Blood
Embrace Talk Blood Glucose Test Strips 100ct,False,False,609.6,127,4.8,B00YQC8NA2,https://www.amazon.com/dp/B00YQC8NA2,Embrace,Talk,Blood Glucose Test Strips 100ct,Embrace Talk
"NovaMax Glucose Test Strips, Box of 50 Strips",False,True,540.5,115,4.7,B001FQXBHW,https://www.amazon.com/dp/B001FQXBHW,NovaMax,Glucose,"Test Strips, Box of 50 Strips",NovaMax Glucose
Infinity Test Strips - 100 ct.,False,False,469.2,102,4.6,B00548VO44,https://www.amazon.com/dp/B00548VO44,Infinity,Test,Strips - 100 ct.,Infinity Test
"Advocate 313 Redi-Code Test Strips, 50 Count",False,False,444.4,101,4.4,B001AXREMS,https://www.amazon.com/dp/B001AXREMS,Advocate,313,"Redi-Code Test Strips, 50 Count",Advocate 313
Embrace Diabetic Blood Glucose Test Strips 600ct,False,False,465.6,97,4.8,B01AVIDYJY,https://www.amazon.com/dp/B01AVIDYJY,Embrace,Diabetic,Blood Glucose Test Strips 600ct,Embrace Diabetic
"Blood Sugar Test Kit, Diabetes Testing Kit with 100 Test Strips and 100 Lancets, Blood Glucose Monitor Kit ...",False,True,364.0,91,4.0,B09KC4TXZ7,https://www.amazon.com/dp/B09KC4TXZ7,Blood,Sugar,"Test Kit, Diabetes Testing Kit with 100 Test Strips and 100 Lancets, Blood Glucose Monitor Kit ...",Blood Sugar
"Ascensia Contour Next On The Go Blood Glucose Test Strips, 15 Count",False,False,418.6,91,4.6,B095L2PPKW,https://www.amazon.com/dp/B095L2PPKW,Ascensia,Contour,"Next On The Go Blood Glucose Test Strips, 15 Count",Ascensia Contour
"CURO-L7 Professional Grade Blood Cholesterol Test Home KIT (All-in-One : Test Device, Test Strips 10ea, Lancets & EziTube ...",False,True,262.5,75,3.5,B08CZ5K78W,https://www.amazon.com/dp/B08CZ5K78W,CURO-L7,Professional,"Grade Blood Cholesterol Test Home KIT (All-in-One : Test Device, Test Strips 10ea, Lancets & EziTube ...",CURO-L7 Professional
"Oh’Care Lite Blood Sugar Testing Monitor – Glucose Test Strips, Lancets, and Control Solution for for Blood...",False,True,352.8,72,4.9,B07K6K7LJ4,https://www.amazon.com/dp/B07K6K7LJ4,Oh’Care,Lite,"Blood Sugar Testing Monitor – Glucose Test Strips, Lancets, and Control Solution for for Blood...",Oh’Care Lite
Oh’Care Lite Blood Sugar Testing Monitor – Glucose Test Strips and Lancets for for Blood Testing – Accurate and Affordable...,False,True,340.8,71,4.8,B07K6KC8Z4,https://www.amazon.com/dp/B07K6KC8Z4,Oh’Care,Lite,Blood Sugar Testing Monitor – Glucose Test Strips and Lancets for for Blood Testing – Accurate and Affordable...,Oh’Care Lite
Blood Glucose Lite Test Strips 100CT,False,True,303.6,66,4.6,B09RQPGF4R,https://www.amazon.com/dp/B09RQPGF4R,Blood,Glucose,Lite Test Strips 100CT,Care Touch
"Advocate Redi-Code Glucose Test Strips 50/bx - Buy 4, Get 1 FREE by Advocate",False,False,296.1,63,4.7,B01BL4AC1K,https://www.amazon.com/dp/B01BL4AC1K,Advocate,Redi-Code,"Glucose Test Strips 50/bx - Buy 4, Get 1 FREE by Advocate",Advocate Redi-Code
PRECISION XTRA TEST STRIPS 100,False,False,253.8,54,4.7,B00412O04A,https://www.amazon.com/dp/B00412O04A,PRECISION,XTRA,TEST STRIPS 100,PRECISION XTRA
Ultra Trak Pro Test Strips 200Ct Bundle Deal Savings,False,True,254.4,53,4.8,B007BQ7LZI,https://www.amazon.com/dp/B007BQ7LZI,Ultra,Trak,Pro Test Strips 200Ct Bundle Deal Savings,Ultra
"FreeStyle Lite Blood Glucose Test Strips - 50 ct, Pack of 10",False,False,234.6,51,4.6,B078YGXG4L,https://www.amazon.com/dp/B078YGXG4L,FreeStyle,Lite,"Blood Glucose Test Strips - 50 ct, Pack of 10",FreeStyle
"AgaMatrix Amp Blood Glucose Test Strips, 50 Count",False,True,198.0,45,4.4,B009AVP48S,https://www.amazon.com/dp/B009AVP48S,AgaMatrix,Amp,"Blood Glucose Test Strips, 50 Count",AgaMatrix Amp
Prodigy Bundle Deal Savings 250 Ct Test Strips,False,False,211.2,44,4.8,B005HJRWRS,https://www.amazon.com/dp/B005HJRWRS,Prodigy,Bundle,Deal Savings 250 Ct Test Strips,Prodigy
On Call Express Blood Glucose Test Strips Bundle Deal {300},False,True,206.4,43,4.8,B0186CVMMS,https://www.amazon.com/dp/B0186CVMMS,On,Call,Express Blood Glucose Test Strips Bundle Deal {300},On Call
"Accu-Chek Aviva Plus Test Strips -100 ct, Pack of 2",False,False,200.9,41,4.9,B00FQEM990,https://www.amazon.com/dp/B00FQEM990,Accu-Chek,Aviva,"Plus Test Strips -100 ct, Pack of 2",Accu-Chek
"FreeStyle Lite Blood Glucose Test Strips - 50 ct, Pack of 12",False,True,200.9,41,4.9,B01CV2WJS0,https://www.amazon.com/dp/B01CV2WJS0,FreeStyle,Lite,"Blood Glucose Test Strips - 50 ct, Pack of 12",FreeStyle
Free Infinity Meter w/Purchase of 200 Test Strips (4 Boxes of 50 Ct= 200 Ct Total),False,True,180.0,40,4.5,B00FQSEHPU,https://www.amazon.com/dp/B00FQSEHPU,Free,Infinity,Meter w/Purchase of 200 Test Strips (4 Boxes of 50 Ct= 200 Ct Total),Free Infinity
"EasyMax N Blood Glucose Test Strips, 50ct.",False,False,166.5,37,4.5,B002GJLTTO,https://www.amazon.com/dp/B002GJLTTO,EasyMax,N,"Blood Glucose Test Strips, 50ct.",EasyMax N
EasyMax 15 - Diabetic Test Strips - Box of 50,False,False,165.6,36,4.6,B07HHGBLDW,https://www.amazon.com/dp/B07HHGBLDW,EasyMax,15,- Diabetic Test Strips - Box of 50,EasyMax 15
EasyMax Diabetic Test Strips 300 Count / 6 Boxes of 50,False,False,138.0,30,4.6,B088JJJKQY,https://www.amazon.com/dp/B088JJJKQY,EasyMax,Diabetic,Test Strips 300 Count / 6 Boxes of 50,EasyMax Diabetic
Easy Touch Blood Glucose Diabetic Test Strips Box of 50 CT (Bundle of 4),False,False,131.6,28,4.7,B07C1DB2V5,https://www.amazon.com/dp/B07C1DB2V5,Easy,Touch,Blood Glucose Diabetic Test Strips Box of 50 CT (Bundle of 4),Easy Touch
"G-666BS Blood Glucose Test Strips Kit , 100 Test Strips and 25 Lancets for Diabetes , Diabetic Blood Test Strips 1",False,True,68.0,17,4.0,B09KC53JSV,https://www.amazon.com/dp/B09KC53JSV,G-666BS,Blood,"Glucose Test Strips Kit , 100 Test Strips and 25 Lancets for Diabetes , Diabetic Blood Test Strips 1",G-666BS Blood
"Blood Glucose Monitor Kit, 100 Counts 30 Gauge Lancets, 100 Blood Test Strips and Carrying Case, Lancing Device, Control S...",False,True,61.2,17,3.6,B09V4V9QYN,https://www.amazon.com/dp/B09V4V9QYN,Blood,Glucose,"Monitor Kit, 100 Counts 30 Gauge Lancets, 100 Blood Test Strips and Carrying Case, Lancing Device, Control S...",Care Touch
TRUE Metrix® AIR Starter Kit Plus TRUE METRIX® Blood Glucose Test Strips NFRS 100ct - 2 Pack (200 Test Strips),False,True,73.6,16,4.6,B08KFG71MG,https://www.amazon.com/dp/B08KFG71MG,TRUE,Metrix®,AIR Starter Kit Plus TRUE METRIX® Blood Glucose Test Strips NFRS 100ct - 2 Pack (200 Test Strips),TRUE Metrix®
Advocate Redi-Code+ Blood Glucose Test Strips 200 Count,False,False,73.5,15,4.9,B008FOEK9A,https://www.amazon.com/dp/B008FOEK9A,Advocate,Redi-Code+,Blood Glucose Test Strips 200 Count,Advocate Redi-Code+
Embrace Blood Glucose Pro Test Strips 50ct,False,False,64.4,14,4.6,B07XYC6MX2,https://www.amazon.com/dp/B07XYC6MX2,Embrace,Blood,Glucose Pro Test Strips 50ct,Embrace Blood
"Pip Complete Kit | 1 Meter, 50 Test Strips, 50 Lancets",False,True,53.9,11,4.9,B09GZK133Z,https://www.amazon.com/dp/B09GZK133Z,Pip,Complete,"Kit | 1 Meter, 50 Test Strips, 50 Lancets",Pip Complete
"Precision Xtra Blood Glucose Test Strips, Unboxed, Sealed, 100 Test Strips (100 Test Strips Exp: 05/2018+)",False,True,43.2,9,4.8,B01MY18MGQ,https://www.amazon.com/dp/B01MY18MGQ,Precision,Xtra,"Blood Glucose Test Strips, Unboxed, Sealed, 100 Test Strips (100 Test Strips Exp: 05/2018+)",Precision Xtra
"ReliOn Prime Blood Glucose Test Strips, 100 Ct + ""Look After Your Diabetes"" - Better Idea Guide (1 Pack)",False,True,44.1,9,4.9,B08WRV47D9,https://www.amazon.com/dp/B08WRV47D9,ReliOn,Prime,"Blood Glucose Test Strips, 100 Ct + ""Look After Your Diabetes"" - Better Idea Guide (1 Pack)",ReliOn Prime
Advocate Redi-Code+ Test Strips Package - 10 Boxes (500ct) with Non-Speaking Blood Glucose Meter,False,False,32.8,8,4.1,B08BFC2CQ9,https://www.amazon.com/dp/B08BFC2CQ9,Advocate,Redi-Code+,Test Strips Package - 10 Boxes (500ct) with Non-Speaking Blood Glucose Meter,Advocate Redi-Code+
Diabetic Test Strips (6 Boxes 300 Count) 7308 with Glucose Tablets 10ct,False,False,32.9,7,4.7,B09N9YBNN6,https://www.amazon.com/dp/B09N9YBNN6,Diabetic,Test,Strips (6 Boxes 300 Count) 7308 with Glucose Tablets 10ct,Diabetic Test
"Medline Evencare G2 Blood Glucose Test Strips, For self-testing with Evencare G2 Monitoring System (Pack of 600) (MPH1550)",False,True,25.8,6,4.3,B00Q3YYUW6,https://www.amazon.com/dp/B00Q3YYUW6,Medline,Evencare,"G2 Blood Glucose Test Strips, For self-testing with Evencare G2 Monitoring System (Pack of 600) (MPH1550)",Medline Evencare
TRUEtrack Blood Glucose Test Strips(150 Count) by SuccessfulDealsStore,False,False,28.2,6,4.7,B0784GJ8FT,https://www.amazon.com/dp/B0784GJ8FT,TRUEtrack,Blood,Glucose Test Strips(150 Count) by SuccessfulDealsStore,TRUEtrack Blood
100ct Embrace Pro Blood Glucose Test Strips with 100ct 30g Lancets,False,False,5.0,1,5.0,B09R83SQGF,https://www.amazon.com/dp/B09R83SQGF,100ct,Embrace,Pro Blood Glucose Test Strips with 100ct 30g Lancets,100ct Embrace
Pip Blood Glucose Test Strips (50 Count),False,True,5.0,1,5.0,B09GKYPZ35,https://www.amazon.com/dp/B09GKYPZ35,Pip,Blood,Glucose Test Strips (50 Count),Pip Blood
