asin,url,score,sponsored,amazonChoice,bestSeller,amazonPrime,title,thumbnail,position.page,position.position,position.global_position,price.discounted,price.current_price,price.currency,price.before_price,price.savings_amount,price.savings_percent,reviews.total_reviews,reviews.rating
B076VSN7TR,https://www.amazon.com/dp/B076VSN7TR,124264.40,False,False,True,True,"Blood Glucose Monitor Kit - Diabetes Testing Kit with 1 Glucometer, 100 Blood Sugar Test Strips, 1 Lancing Device, 100 Lan...",https://m.media-amazon.com/images/I/81EZb2+YuKL._AC_UL320_.jpg,1,1,1,False,0,USD,0.0,0.0,0,27014,4.6
B06WD5HRM8,https://www.amazon.com/dp/B06WD5HRM8,5322.20,False,False,False,False,"Easy Touch Eas-150 Easytouch Glucose Test Strip, 150 Count (Pack of 150)",https://m.media-amazon.com/images/I/51wBoCNWj3L._AC_UL320_.jpg,1,2,2,False,0,USD,0.0,0.0,0,1157,4.6
B087NPJX1W,https://www.amazon.com/dp/B087NPJX1W,28358.40,False,False,False,False,Accu-Chek Guide Test Strips for Diabetic Blood Glucose Testing (Pack of 100),https://m.media-amazon.com/images/I/71imFW8YsAL._AC_UL320_.jpg,1,3,3,False,0,USD,0.0,0.0,0,5908,4.8
B07VB22PNT,https://www.amazon.com/dp/B07VB22PNT,2707.20,False,False,False,True,"Metene TD-4116 Blood Glucose Test Strips, 100 Count Blood Sugar Test Strips for Diabetes, Use with metene TD-4116 Blood Gl...",https://m.media-amazon.com/images/I/71160PqPGPL._AC_UL320_.jpg,1,4,4,False,0,USD,0.0,0.0,0,576,4.7
B07TVLNL4Q,https://www.amazon.com/dp/B07TVLNL4Q,32453.00,False,False,False,True,"AUVON Blood Sugar Test Kit, High-Tech Glucose Monitor, Diabetes Testing Kit with 50 Glucometer Strips and 50 30G Lancets, ...",https://m.media-amazon.com/images/I/71V3ihtTarL._AC_UL320_.jpg,1,5,5,True,0,USD,28.99,28.99,100,7055,4.6
B0794DFH6F,https://www.amazon.com/dp/B0794DFH6F,45470.40,False,False,False,True,Care Touch Blood Glucose Test Strips for Diabetes I For Use with Care Touch Blood Sugar Monitor - 1 Box of 100 Diabetic Te...,https://m.media-amazon.com/images/I/71xi00Rr7WS._AC_UL320_.jpg,1,6,6,False,0,USD,0.0,0.0,0,9473,4.8
B079NSYQN3,https://www.amazon.com/dp/B079NSYQN3,7300.80,False,False,False,True,5 x 50ct TRUE METRIX® NFRS Test Strips (250 Test Strips),https://m.media-amazon.com/images/I/71r0dsIfBsL._AC_UL320_.jpg,1,7,7,True,0,USD,50.0,50.0,100,1521,4.8
B07KCDCBFC,https://www.amazon.com/dp/B07KCDCBFC,2508.00,False,False,False,True,Reliable Diathrive Blood Sugar Test Kit & Blood Glucose Monitoring System – 4 Second Results! Glucometer/Glucose Meter Kit...,https://m.media-amazon.com/images/I/81uFA6SNCwL._AC_UL320_.jpg,1,8,8,False,0,USD,0.0,0.0,0,570,4.4
B07Z3RX8F1,https://www.amazon.com/dp/B07Z3RX8F1,18196.80,False,False,False,True,AUVON I-QARE DS-W Draw-in Blood Glucose Test Strips (150 Count) for use with AUVON DS-W Diabetes Sugar Testing Meter (No C...,https://m.media-amazon.com/images/I/71oxRLoqjpL._AC_UL320_.jpg,1,9,9,False,0,USD,0.0,0.0,0,3791,4.8
B081ZY1LHV,https://www.amazon.com/dp/B081ZY1LHV,14582.00,False,False,False,True,"AUVON High-Tech Blood Sugar Test Kit, Diabetes Glucose Monitor with 100 Glucometer Strips, 100 Lancets and I-QARE DS-W Blo...",https://m.media-amazon.com/images/I/81qIlUsuT9L._AC_UL320_.jpg,1,10,10,True,0,USD,35.99,35.99,100,3170,4.6
B07Y1C68K7,https://www.amazon.com/dp/B07Y1C68K7,2212.60,False,False,False,False,"OneTouch Ultra 2 Blood Glucose Meter | Glucose Monitor For Blood Sugar Test Kit | Includes Blood Glucose Monitor, Lancing ...",https://m.media-amazon.com/images/I/81z4dHAM0kL._AC_UL320_.jpg,1,11,11,False,0,USD,0.0,0.0,0,481,4.6
B07G783R7X,https://www.amazon.com/dp/B07G783R7X,15203.00,False,False,False,False,"Blood Glucose Monitor Kit - Diabetes Testing Kit with 1 Glucometer, 50 Blood Sugar Test Strips, 1 Lancing Device, 100 Lanc...",https://m.media-amazon.com/images/I/61beSkSObWL._AC_UL320_.jpg,1,12,12,False,0,USD,0.0,0.0,0,3305,4.6
B007TMMLQ8,https://www.amazon.com/dp/B007TMMLQ8,1748.00,False,False,False,False,Assure Platinum Glucose Test Strips for Meter 50ct,https://m.media-amazon.com/images/I/71s3On-q+XL._AC_UL320_.jpg,1,13,13,False,0,USD,0.0,0.0,0,380,4.6
3222034524,https://www.amazon.com/dp/3222034524,100.00,False,False,False,True,Accu-Chek Performa 100 Test Strips Without 222 Code Chip For Glucometer(White),https://m.media-amazon.com/images/I/513hJjbXfxL._AC_UL320_.jpg,1,14,14,False,0,USD,0.0,0.0,0,20,5.0
B09KC4TXZ7,https://www.amazon.com/dp/B09KC4TXZ7,364.00,False,False,False,True,"Blood Sugar Test Kit, Diabetes Testing Kit with 100 Test Strips and 100 Lancets, Blood Glucose Monitor Kit with Lancing De...",https://m.media-amazon.com/images/I/71fj8T3pULL._AC_UL320_.jpg,1,15,15,False,0,USD,0.0,0.0,0,91,4.0
B06XD7NG87,https://www.amazon.com/dp/B06XD7NG87,2371.20,False,False,False,False,"McKesson TRUE METRIX Self-Monitoring Blood Glucose Test Strips, 50 Strips, 1 Pack",https://m.media-amazon.com/images/I/71mtYMukNEL._AC_UL320_.jpg,1,16,16,True,0,USD,16.73,16.73,100,494,4.8
B01L2LODVM,https://www.amazon.com/dp/B01L2LODVM,6744.00,False,False,False,False,4 x 50ct TRUE METRIX® NFRS Test Strips (200 Test Strips),https://m.media-amazon.com/images/I/71xY+7zU1CL._AC_UL320_.jpg,1,17,17,False,0,USD,0.0,0.0,0,1405,4.8
B07B6LYFV4,https://www.amazon.com/dp/B07B6LYFV4,18627.00,False,False,False,True,"Accu-Chek Instant S Glucometer with Free Test Strips, 10 Count (White)",https://m.media-amazon.com/images/I/51dw+HAuDiL._AC_UL320_.jpg,1,18,18,True,0,USD,29.1,29.1,100,4435,4.2
B093GK1VYD,https://www.amazon.com/dp/B093GK1VYD,198.00,False,False,False,True,Blood Glucose Monitor - Diabetes Testing Kit with 100 Test Strips and 100 Lancets - Blood Glucose Meter with Lancing Devic...,https://m.media-amazon.com/images/I/71pre-8ou3S._AC_UL320_.jpg,1,19,19,False,0,USD,0.0,0.0,0,44,4.5
B073V38KDK,https://www.amazon.com/dp/B073V38KDK,5793.60,False,False,False,False,"FreeStyle Precision Neo Blood Glucose Test Strips - 50 ct, Pack of 2",https://m.media-amazon.com/images/I/61SGOpuMNPL._AC_UL320_.jpg,1,20,20,True,0,USD,51.0,51.0,100,1207,4.8
B07CF8C4VX,https://www.amazon.com/dp/B07CF8C4VX,33825.60,False,False,True,False,"CONTOUR NEXT Blood Glucose Test Strips, 70 Count",https://m.media-amazon.com/images/I/81aPkB4QWVL._AC_UL320_.jpg,1,21,21,True,0,USD,26.58,26.58,100,7047,4.8
B01F69L0U8,https://www.amazon.com/dp/B01F69L0U8,7852.80,False,False,False,False,Prodigy Test Strip Bundle (300ct),https://m.media-amazon.com/images/I/71mJJbR+oNL._AC_UL320_.jpg,1,22,22,False,0,USD,0.0,0.0,0,1636,4.8
B08L473F6W,https://www.amazon.com/dp/B08L473F6W,15792.00,False,False,False,True,OneTouch Verio Test Strips for Diabetes Value Pack - 60 Count | Diabetic Test Strips for Blood Sugar Monitor | at Home Sel...,https://m.media-amazon.com/images/I/719i6B5r-2L._AC_UL320_.jpg,1,23,23,False,0,USD,0.0,0.0,0,3290,4.8
B08GP43SFP,https://www.amazon.com/dp/B08GP43SFP,1546.30,False,False,False,False,Accu-Chek Softclix Diabetes Starter Kit for Blood Glucose Testing,https://m.media-amazon.com/images/I/61kUuJs+3UL._AC_UL320_.jpg,1,24,24,False,0,USD,0.0,0.0,0,329,4.7
B075VD1JTW,https://www.amazon.com/dp/B075VD1JTW,23424.80,False,False,False,False,Freestyle lite glucose test strips 50 count,https://m.media-amazon.com/images/I/61CsR+RulpL._AC_UL320_.jpg,1,25,25,True,0,USD,32.49,32.49,100,4984,4.7
B08L47PMX6,https://www.amazon.com/dp/B08L47PMX6,11880.00,False,False,False,False,OneTouch Verio Test Strips for Diabetes Value Pack - 90 Count | Diabetic Test Strips for Blood Sugar Monitor | at Home Sel...,https://m.media-amazon.com/images/I/710wyyf1QDL._AC_UL320_.jpg,1,26,26,True,0,USD,49.99,49.99,100,2475,4.8
B08DXNC949,https://www.amazon.com/dp/B08DXNC949,5677.60,False,False,False,True,TRUE METRIX® Meter Starter Kit,https://m.media-amazon.com/images/I/81tlCfsjL7L._AC_UL320_.jpg,1,27,27,False,0,USD,0.0,0.0,0,1208,4.7
B00OGXRQWW,https://www.amazon.com/dp/B00OGXRQWW,3148.80,False,False,False,False,GE100 Blood Glucose Test Strips - 4/Boxes of 50 Strips = 200/Total Strips,https://m.media-amazon.com/images/I/71tbZohociL._AC_UL320_.jpg,1,28,28,False,0,USD,0.0,0.0,0,656,4.8
B08FV1SVSW,https://www.amazon.com/dp/B08FV1SVSW,7595.20,False,False,False,True,The CONTOUR NEXT ONE Blood Glucose Monitoring System All-in-One Kit for Diabetes,https://m.media-amazon.com/images/I/81wt62hu8kL._AC_UL320_.jpg,1,29,29,False,0,USD,0.0,0.0,0,1616,4.7
B094DRQ926,https://www.amazon.com/dp/B094DRQ926,784.90,False,False,False,False,OneTouch Verio Test Strips for Diabetes Value Pack - 180 Count | Diabetic Test Strips for Blood Sugar Monitor | at Home Se...,https://m.media-amazon.com/images/I/71gbpZ72bwL._AC_UL320_.jpg,1,30,30,True,0,USD,99.99,99.99,100,167,4.7
B00CJAVTNQ,https://www.amazon.com/dp/B00CJAVTNQ,6878.40,False,False,False,True,CareSens N Blood Glucose Test Strips (50 ct) - Only for CareSens N Family Meter Kits,https://m.media-amazon.com/images/I/61Kn1IzmuXL._AC_UL320_.jpg,1,31,31,False,0,USD,0.0,0.0,0,1433,4.8
B08S6TRYJC,https://www.amazon.com/dp/B08S6TRYJC,4480.40,False,False,False,True,"On Call Express II Diabetes Testing Kit- Blood Glucose Meter, 100 Blood Test Strips, 1 Lancing Device, 100 30g Lancets, Co...",https://m.media-amazon.com/images/I/61AjWGq+eYL._AC_UL320_.jpg,1,32,32,False,0,USD,0.0,0.0,0,974,4.6
B00NF44GU8,https://www.amazon.com/dp/B00NF44GU8,4038.80,False,False,False,False,Ultra Test Strips Blue 25 Ct,https://m.media-amazon.com/images/I/71MpYaA-rQL._AC_UL320_.jpg,1,33,33,False,0,USD,0.0,0.0,0,878,4.6
B01AK8YDE0,https://www.amazon.com/dp/B01AK8YDE0,2119.70,False,False,False,True,PetTest Diabetes Blood Glucose Tests Strips for Dogs and Cats for use with PetTest Glucose Monitor (50 Strips),https://m.media-amazon.com/images/I/71G3imbXQwL._AC_UL320_.jpg,1,34,34,False,0,USD,0.0,0.0,0,451,4.7
B082RSBPT4,https://www.amazon.com/dp/B082RSBPT4,8441.00,False,False,False,True,"CareSens N Blood Diabetes Testing Kit with 100 Test Strips, 100 Lancets (30G), 1 Glucose Meter, 1 Control Solution, 1 Lanc...",https://m.media-amazon.com/images/I/71Ym9NKP6yL._AC_UL320_.jpg,1,35,35,False,0,USD,0.0,0.0,0,1835,4.6
B01HDWVFHO,https://www.amazon.com/dp/B01HDWVFHO,2350.60,False,False,False,True,"Contour Next EZ Diabetes Testing Kit | Contour Next EZ Blood Glucose Meter, 50 Contour Next Blood Glucose Test Strips, 50 ...",https://m.media-amazon.com/images/I/61O6ef7r0PL._AC_UL320_.jpg,1,36,36,False,0,USD,0.0,0.0,0,511,4.6
B08FXRYSPG,https://www.amazon.com/dp/B08FXRYSPG,13606.50,False,False,False,True,OneTouch Verio Test Strips for Diabetes - 30 Count | Diabetic Test Strips for Blood Sugar Monitor | at Home Self Glucose M...,https://m.media-amazon.com/images/I/716BlYUe9gL._AC_UL320_.jpg,1,37,37,False,0,USD,0.0,0.0,0,2895,4.7
B01M8KJG0A,https://www.amazon.com/dp/B01M8KJG0A,3609.60,False,False,False,True,TRUETRACK Test Strips 50ct (Pack of 4),https://m.media-amazon.com/images/I/61yn5VPkYAL._AC_UL320_.jpg,1,38,38,False,0,USD,0.0,0.0,0,752,4.8
B07G3BNXR6,https://www.amazon.com/dp/B07G3BNXR6,41039.20,False,False,False,True,DARIO Blood Glucose Monitor Kit Test Your Blood Sugar Levels and Estimate A1c After 3m. Kit Includes: Glucose-Meter with 2...,https://m.media-amazon.com/images/I/61oi8JnoYMS._AC_UL320_.jpg,1,39,39,False,0,USD,0.0,0.0,0,9544,4.3
B085WBVJZZ,https://www.amazon.com/dp/B085WBVJZZ,50635.20,False,False,False,True,TRUE METRIX Blood Glucose Test Strips NFRS 100ct (100 Test Strips),https://m.media-amazon.com/images/I/819izUDe3BL._AC_UL320_.jpg,1,40,40,True,0,USD,24.0,24.0,100,10549,4.8
B09V4V9QYN,https://www.amazon.com/dp/B09V4V9QYN,61.20,False,False,False,True,"Blood Glucose Monitor Kit, 100 Counts 30 Gauge Lancets, 100 Blood Test Strips and Carrying Case, Lancing Device, Control S...",https://m.media-amazon.com/images/I/81mFHgENQCL._AC_UL320_.jpg,1,41,41,False,0,USD,0.0,0.0,0,17,3.6
B077J3XDDW,https://www.amazon.com/dp/B077J3XDDW,1968.80,False,False,False,True,"FORA Pro Voice V9 Diabetes Testing Kit for Accurate and Easy Monitoring Your Blood Glucose with Talking Glucometer, 1 Mete...",https://m.media-amazon.com/images/I/81AxNHOMtiS._AC_UL320_.jpg,1,42,42,True,0,USD,39.99,39.99,100,428,4.6
B00NOKWZLK,https://www.amazon.com/dp/B00NOKWZLK,7896.00,False,False,False,True,On Call Express Blood Glucose Test Strips (50 Count),https://m.media-amazon.com/images/I/61PiP7cEYBL._AC_UL320_.jpg,1,43,43,False,0,USD,0.0,0.0,0,1680,4.7
B06XRKP8JW,https://www.amazon.com/dp/B06XRKP8JW,6821.80,False,False,False,True,"iHealth Blood Glucose Test Strips (50 Count), No Coding Blood Sugar Test, Eligible for FSA Reimbursement, Precision Sugar ...",https://m.media-amazon.com/images/I/71t0Yd6NXoL._AC_UL320_.jpg,1,44,44,False,0,USD,0.0,0.0,0,1483,4.6
B07S2T64BL,https://www.amazon.com/dp/B07S2T64BL,18754.20,False,False,False,True,"Prodigy Glucose Monitor Kit - Includes Prodigy Meter, 100ct test strips, 10ct Lancets, Lancing device, Carrying Case, Log ...",https://m.media-amazon.com/images/I/81pIy+MJ1nL._AC_UL320_.jpg,1,45,45,True,0,USD,22.95,22.95,100,4077,4.6
B00NG0MSPQ,https://www.amazon.com/dp/B00NG0MSPQ,12811.00,False,False,False,True,"Contour Next EZ Diabetes Testing Kit | Contour Next EZ Blood Glucose Meter, 100 Contour Next Blood Glucose Test Strips, 10...",https://m.media-amazon.com/images/I/71VxBax5LyL._AC_UL320_.jpg,1,46,46,False,0,USD,0.0,0.0,0,2785,4.6
B01LW1A51V,https://www.amazon.com/dp/B01LW1A51V,15393.60,False,False,False,True,6 x 50 ct TRUE METRIX® NFRS Test Strips (300 Test Strips),https://m.media-amazon.com/images/I/71ehsIk4x2L._AC_UL320_.jpg,1,47,47,False,0,USD,0.0,0.0,0,3207,4.8
B08G5CW8RF,https://www.amazon.com/dp/B08G5CW8RF,16548.70,False,False,False,True,KETO-MOJO Test Strip Combo Pack for Use ONLY with The New GK+ Meter | 60 Blood Glucose + 60 Blood Ketone (120ct),https://m.media-amazon.com/images/I/81YAcc5V76L._AC_UL320_.jpg,1,48,48,False,0,USD,0.0,0.0,0,3521,4.7
B07199BSMC,https://www.amazon.com/dp/B07199BSMC,25867.20,False,False,False,True,Sponsored Ad - Care Touch Multi Colored Diabetic Lancets 30 Gauge - Lancets for Diabetes Testing and Blood Testing (300 Co...,https://m.media-amazon.com/images/I/61b2V-QwJ+L._AC_UL320_.jpg,1,1,1,False,0,USD,0.0,0.0,0,5389,4.8
B0794DFH6F,https://www.amazon.com/dp/B0794DFH6F,45470.40,False,False,False,True,Sponsored Ad - Care Touch Blood Glucose Test Strips for Diabetes I For Use with Care Touch Blood Sugar Monitor - 1 Box of ...,https://m.media-amazon.com/images/I/71xi00Rr7WS._AC_UL320_.jpg,1,2,2,False,0,USD,0.0,0.0,0,9473,4.8
B071RYXFG8,https://www.amazon.com/dp/B071RYXFG8,13161.60,False,False,False,True,Sponsored Ad - Care Touch Multi Colored Diabetic Lancets 30 Gauge - Lancets for Diabetes Testing and Blood Testing (200 Co...,https://m.media-amazon.com/images/I/61qjaPBkKoL._AC_UL320_.jpg,1,3,3,True,0,USD,11.99,11.99,100,2742,4.8
B09KC4TXZ7,https://www.amazon.com/dp/B09KC4TXZ7,364.00,False,False,False,True,"Sponsored Ad - Blood Sugar Test Kit, Diabetes Testing Kit with 100 Test Strips and 100 Lancets, Blood Glucose Monitor Kit ...",https://m.media-amazon.com/images/I/71fj8T3pULL._AC_UL320_.jpg,1,4,4,False,0,USD,0.0,0.0,0,91,4.0
B08FV1SVSW,https://www.amazon.com/dp/B08FV1SVSW,7595.20,False,False,False,True,The CONTOUR NEXT ONE Blood Glucose Monitoring System All-in-One Kit for Diabetes,https://m.media-amazon.com/images/I/81wt62hu8kL._AC_UL320_.jpg,1,5,5,False,0,USD,0.0,0.0,0,1616,4.7
B084WN1HK7,https://www.amazon.com/dp/B084WN1HK7,12019.50,False,False,False,True,"Oh’Care Lite Blood Sugar Test Kit – Blood Glucose Meter with Strips and Lancets, Lancing Device, Log, and Case - One Touch...",https://m.media-amazon.com/images/I/71+S7486yEL._AC_UL320_.jpg,1,6,6,False,0,USD,0.0,0.0,0,2671,4.5
B009B7SK8M,https://www.amazon.com/dp/B009B7SK8M,1917.60,False,False,False,False,The CONTOUR NEXT EZ Blood Glucose Monitoring System,https://m.media-amazon.com/images/I/812K0kH7A4L._AC_UL320_.jpg,1,7,7,True,0,USD,18.99,18.99,100,408,4.7
B094DRQ926,https://www.amazon.com/dp/B094DRQ926,784.90,False,False,False,False,OneTouch Verio Test Strips for Diabetes Value Pack - 180 Count | Diabetic Test Strips for Blood Sugar Monitor | at Home Se...,https://m.media-amazon.com/images/I/71gbpZ72bwL._AC_UL320_.jpg,1,8,8,True,0,USD,99.99,99.99,100,167,4.7
B08G5BZQVL,https://www.amazon.com/dp/B08G5BZQVL,24088.50,False,False,False,True,KETO-MOJO GK+ Bluetooth Glucose & Ketone Testing Kit + Free APP for Ketosis & Diabetes Management. 20 Blood Test Strips (1...,https://m.media-amazon.com/images/I/71+EykbqwNL._AC_UL320_.jpg,1,9,9,False,0,USD,0.0,0.0,0,5353,4.5
B006PECJ0E,https://www.amazon.com/dp/B006PECJ0E,2916.40,False,False,False,True,"Accu-Chek Aviva Plus NFR Test Strips, 50 Count",https://m.media-amazon.com/images/I/617qmTL+-KL._AC_UL320_.jpg,1,10,10,True,0,USD,69.99,69.99,100,634,4.6
B06XD7NG87,https://www.amazon.com/dp/B06XD7NG87,2371.20,False,False,False,False,"McKesson TRUE METRIX Self-Monitoring Blood Glucose Test Strips, 50 Strips, 1 Pack",https://m.media-amazon.com/images/I/71mtYMukNEL._AC_UL320_.jpg,1,11,11,True,0,USD,16.73,16.73,100,494,4.8
B07K36LM21,https://www.amazon.com/dp/B07K36LM21,6297.40,False,False,False,True,"Sidekick All-in-One Glucose Meter Kit – Built in Meter, 50 Test Strips, Lancing Device, 10 Lancets, Control Solution, and ...",https://m.media-amazon.com/images/I/91jo8HPYGOL._AC_UL320_.jpg,1,12,12,False,0,USD,0.0,0.0,0,1369,4.6
B01L2LODVM,https://www.amazon.com/dp/B01L2LODVM,6744.00,False,False,False,False,4 x 50ct TRUE METRIX® NFRS Test Strips (200 Test Strips),https://m.media-amazon.com/images/I/71xY+7zU1CL._AC_UL320_.jpg,1,13,13,False,0,USD,0.0,0.0,0,1405,4.8
B01N4X79QE,https://www.amazon.com/dp/B01N4X79QE,1899.80,False,False,False,False,"McKesson Safety Lancets, Sterile, Push-Button, 23 Gauge Needle, 1.8 mm, 100 Count, 1 Pack",https://m.media-amazon.com/images/I/7111O9jFEML._AC_UL320_.jpg,1,14,14,False,0,USD,0.0,0.0,0,413,4.6
B07VGSVRHT,https://www.amazon.com/dp/B07VGSVRHT,1748.00,False,False,False,True,[Abbott] Freestyle Optiums Test Strips 50,https://m.media-amazon.com/images/I/71o6ewvA-mL._AC_UL320_.jpg,1,15,15,False,0,USD,0.0,0.0,0,380,4.6
B08B86TM6R,https://www.amazon.com/dp/B08B86TM6R,2965.50,False,False,False,True,"CareSens N Plus Bluetooth Blood Diabetes Monitoring Kit with 100 Test Strips, 100 Lancets (30G), 1 Glucose Meter, 1 Contro...",https://m.media-amazon.com/images/I/71IW2InI9JL._AC_UL320_.jpg,1,16,16,False,0,USD,0.0,0.0,0,659,4.5
B07X8FBDG1,https://www.amazon.com/dp/B07X8FBDG1,6104.20,False,False,False,True,"AUVON Diabetes Testing Kit with 150 Glucometer Strips and 50 30G Lancets, Blood Glucose Monitor Kit Includes a Log Book, ...",https://m.media-amazon.com/images/I/81EB2ShsouL._AC_UL320_.jpg,1,17,17,False,0,USD,0.0,0.0,0,1327,4.6
B008UZSIGA,https://www.amazon.com/dp/B008UZSIGA,340.40,False,False,False,True,(EA) Bayer's CONTOUR(r) Blood Glucose Meter,https://m.media-amazon.com/images/I/41ScC5Ed+DL._AC_UL320_.jpg,1,18,18,True,0,USD,34.9,34.9,100,74,4.6
B093B6B15H,https://www.amazon.com/dp/B093B6B15H,2187.00,False,False,False,True,CURO G10 Glucose Home Test Kit : NFC Enabled Connect with CUROfit App on iOS & Android Devices- Blood Sugar Monitor Devic...,https://m.media-amazon.com/images/I/61djnhaw9ZS._AC_UL320_.jpg,1,19,19,False,0,USD,0.0,0.0,0,486,4.5
B07WRGH332,https://www.amazon.com/dp/B07WRGH332,1041.60,False,False,False,True,"FORA 6 Connect 50 Blood Glucose Test Strips, Accurate Blood Sugar Measurement for Diabetes",https://m.media-amazon.com/images/I/615kCC7uV6L._AC_UL320_.jpg,1,20,20,False,0,USD,0.0,0.0,0,217,4.8
B06XD43GX4,https://www.amazon.com/dp/B06XD43GX4,1504.00,False,False,False,False,"McKesson TRUE METRIX Professional Monitoring Blood Glucose Test Stripes, 50 Strips, 1 Pack",https://m.media-amazon.com/images/I/71rc2-7vUJL._AC_UL320_.jpg,1,21,21,False,0,USD,0.0,0.0,0,320,4.7
B07J5P9GXG,https://www.amazon.com/dp/B07J5P9GXG,48.00,False,False,False,True,AimStrip 37350 Plus Blood Glucose Test Strips,https://m.media-amazon.com/images/I/717u5gWJCnL._AC_UL320_.jpg,1,22,22,True,0,USD,10.51,10.51,100,10,4.8
B077J3XDDW,https://www.amazon.com/dp/B077J3XDDW,1968.80,False,False,False,True,"FORA Pro Voice V9 Diabetes Testing Kit for Accurate and Easy Monitoring Your Blood Glucose with Talking Glucometer, 1 Mete...",https://m.media-amazon.com/images/I/81AxNHOMtiS._AC_UL320_.jpg,1,23,23,True,0,USD,39.99,39.99,100,428,4.6
B00FT30EX6,https://www.amazon.com/dp/B00FT30EX6,5350.50,False,False,False,False,"CONTOUR NEXT Control Solution for Glucose Test Meter, Level 2, 2.5mL Bottle",https://m.media-amazon.com/images/I/61nFg4uC+rS._AC_UL320_.jpg,1,24,24,True,0,USD,12.39,12.39,100,1189,4.5
B07JPJRGRW,https://www.amazon.com/dp/B07JPJRGRW,2920.50,False,False,False,True,Dario Glucose Control Solutions for Dario Test Strips Testing. Verify The Performance of Your Dario Blood Glucose Test Str...,https://m.media-amazon.com/images/I/61GCMGGptlL._AC_UL320_.jpg,1,25,25,False,0,USD,0.0,0.0,0,649,4.5
B075FC5BJL,https://www.amazon.com/dp/B075FC5BJL,6628.60,False,False,False,True,"Contour Next ONE Blood Glucose Kit | Contour Next ONE Bluetooth Meter, 100 Contour Next Blood Glucose Test Strips, 100 O'W...",https://m.media-amazon.com/images/I/71-owBiohUL._AC_UL320_.jpg,1,26,26,False,0,USD,0.0,0.0,0,1441,4.6
B08FV3M87H,https://www.amazon.com/dp/B08FV3M87H,1283.40,False,False,False,True,"CONTOUR NEXT Control Solution for Glucose Test Meter, Level 1, 2.5mL Bottle",https://m.media-amazon.com/images/I/51bGupaFWlS._AC_UL320_.jpg,1,27,27,True,0,USD,12.13,12.13,100,279,4.6
B06XRKP8JW,https://www.amazon.com/dp/B06XRKP8JW,6821.80,False,False,False,True,"iHealth Blood Glucose Test Strips (50 Count), No Coding Blood Sugar Test, Eligible for FSA Reimbursement, Precision Sugar ...",https://m.media-amazon.com/images/I/71t0Yd6NXoL._AC_UL320_.jpg,1,28,28,False,0,USD,0.0,0.0,0,1483,4.6
B07G3BNXR6,https://www.amazon.com/dp/B07G3BNXR6,41039.20,False,False,False,True,Sponsored Ad - DARIO Blood Glucose Monitor Kit Test Your Blood Sugar Levels and Estimate A1c After 3m. Kit Includes: Gluco...,https://m.media-amazon.com/images/I/61oi8JnoYMS._AC_UL320_.jpg,1,29,29,False,0,USD,0.0,0.0,0,9544,4.3
B093GK1VYD,https://www.amazon.com/dp/B093GK1VYD,198.00,False,False,False,True,Sponsored Ad - Blood Glucose Monitor - Diabetes Testing Kit with 100 Test Strips and 100 Lancets - Blood Glucose Meter wit...,https://m.media-amazon.com/images/I/71pre-8ou3S._AC_UL320_.jpg,1,30,30,False,0,USD,0.0,0.0,0,44,4.5
B0727VTQGC,https://www.amazon.com/dp/B0727VTQGC,28358.40,False,False,False,False,Sponsored Ad - Accu-Chek Guide Test Strips for Diabetic Blood Glucose Testing (Pack of 50),https://m.media-amazon.com/images/I/714JiizOqtL._AC_UL320_.jpg,1,31,31,False,0,USD,0.0,0.0,0,5908,4.8
B06WWBFRVL,https://www.amazon.com/dp/B06WWBFRVL,2274.70,False,False,False,True,"One Drop for Diabetes Starter Kit with Bluetooth-Enabled Glucose Meter, 1 Lancing Device, 33-Gauge Lancets (10 Count), Tes...",https://m.media-amazon.com/images/I/61Oh2R5A2kL._AC_UL320_.jpg,1,33,33,True,0,USD,49.99,49.99,100,529,4.3
B01M7RVN1P,https://www.amazon.com/dp/B01M7RVN1P,6533.00,False,False,False,False,TrueTrack Test Strips 50 ct (Pack of 2) by TrueTrack,https://m.media-amazon.com/images/I/61nWhDOgifL._AC_UL320_.jpg,1,34,34,True,0,USD,20.0,20.0,100,1390,4.7
B08863ZNCV,https://www.amazon.com/dp/B08863ZNCV,2335.20,False,False,False,True,"Diabetes Testing Kit - Lovia Blood Sugar Test Kit, 50 Glucometer Strips, 1 Lancing Device, 50 Lancets and Carrying Case, G...",https://m.media-amazon.com/images/I/81IqFa5pnFL._AC_UL320_.jpg,1,35,35,False,0,USD,0.0,0.0,0,556,4.2
B09V19XHQX,https://www.amazon.com/dp/B09V19XHQX,289.80,False,False,False,True,"Diabetes Testing Kit - Lovia Care Blood Glucose Monitor Kit with 1 Glucose Meter, 50 Blood Sugar Test Strips, 50 Lancets, ...",https://m.media-amazon.com/images/I/81cNv8df2yL._AC_UL320_.jpg,1,36,36,False,0,USD,0.0,0.0,0,63,4.6
B00FM5RT5C,https://www.amazon.com/dp/B00FM5RT5C,49.40,False,False,False,True,Ultra Trak Ultimate Glucose Test Strips,https://m.media-amazon.com/images/I/41Yr1b7m1VL._AC_UL320_.jpg,1,37,37,False,0,USD,0.0,0.0,0,13,3.8
B077MQCGRB,https://www.amazon.com/dp/B077MQCGRB,381.80,False,False,False,True,McKesson True Metrix Pro Professional Monitoring Meter + 50 Mckesson True Metrix Pro Blood Glucose Test Strips (Bundle),https://m.media-amazon.com/images/I/51OfM4iZ7eL._AC_UL320_.jpg,1,39,39,False,0,USD,0.0,0.0,0,83,4.6
B001AXVF3M,https://www.amazon.com/dp/B001AXVF3M,11376.00,False,False,False,True,Prodigy No Coding Blood Glucose Test Strips (50 ct),https://m.media-amazon.com/images/I/411w0urad4S._AC_UL320_.jpg,1,40,40,True,0,USD,25.64,25.64,100,2370,4.8
B01J4DORAW,https://www.amazon.com/dp/B01J4DORAW,2328.00,False,False,False,True,On Call Express Blood Glucose Diabetic Test Strips- 200 count Value Bundle (4boxof50),https://m.media-amazon.com/images/I/81xiPB7AJ8S._AC_UL320_.jpg,1,41,41,False,0,USD,0.0,0.0,0,485,4.8
B07RS5C3QT,https://www.amazon.com/dp/B07RS5C3QT,1592.50,False,False,False,True,Embrace Blood Glucose Test Strips 200Ct,https://m.media-amazon.com/images/I/51FQyvKOHIL._AC_UL320_.jpg,1,42,42,False,0,USD,0.0,0.0,0,325,4.9
B08PVZKVL4,https://www.amazon.com/dp/B08PVZKVL4,1316.00,False,False,False,True,OneTouch Verio Test Strips and OneTouch Delica Plus Lancets for Diabetes Testing | 60-Count Value Pack (30 Lancets & 30 Te...,https://m.media-amazon.com/images/I/71bSUTFKsTL._AC_UL320_.jpg,1,44,44,False,0,USD,0.0,0.0,0,280,4.7
B06XHXXCVV,https://www.amazon.com/dp/B06XHXXCVV,10636.80,False,False,False,True,3 x 50ct TRUE METRIX® NFRS Test Strips (150 Test Strips),https://m.media-amazon.com/images/I/61dQiW53kjL._AC_UL320_.jpg,1,45,45,False,0,USD,0.0,0.0,0,2216,4.8
B01DJE8XNY,https://www.amazon.com/dp/B01DJE8XNY,537.50,False,False,False,True,Arkray Assure® Dose Control Solutions 500006,https://m.media-amazon.com/images/I/61Np5+ghekL._AC_UL320_.jpg,1,46,46,False,0,USD,0.0,0.0,0,125,4.3
B0881FD3XN,https://www.amazon.com/dp/B0881FD3XN,216.20,False,False,False,True,"MediVena ONE-CARE Glucose Test Strips (50 Count) for use with ONE-CARE Meter - Blood Sugar Monitoring by Diabetics, Box of 50",https://m.media-amazon.com/images/I/71nQ-ftNl-L._AC_UL320_.jpg,1,47,47,False,0,USD,0.0,0.0,0,46,4.7
B0934X9X6H,https://www.amazon.com/dp/B0934X9X6H,606.30,False,False,False,True,"CURO G10 Glucose Home Test Kit : NFC Enabled Connect with CUROfit on iOS & Android Devices- Blood Sugar Monitor Device, 1...",https://m.media-amazon.com/images/I/61djnhaw9ZS._AC_UL320_.jpg,1,48,48,False,0,USD,0.0,0.0,0,141,4.3
B00FQF779Q,https://www.amazon.com/dp/B00FQF779Q,25.00,False,False,False,False,"Accu-Chek Aviva Plus Test Strips -100 ct, Pack of 3",https://m.media-amazon.com/images/I/51AoXv-Y-LL._AC_UL320_.jpg,1,49,49,False,0,USD,0.0,0.0,0,5,5.0
B01AVIDXHM,https://www.amazon.com/dp/B01AVIDXHM,1747.20,False,False,False,True,Embrace Talk Test Strips Bundle 300 Ct,https://m.media-amazon.com/images/I/81hLCeGhFKL._AC_UL320_.jpg,1,50,50,False,0,USD,0.0,0.0,0,364,4.8
B09KC53JSV,https://www.amazon.com/dp/B09KC53JSV,68.00,False,False,False,True,"G-666BS Blood Glucose Test Strips Kit , 100 Test Strips and 25 Lancets for Diabetes , Diabetic Blood Test Strips 1",https://m.media-amazon.com/images/I/7187Kfk26NL._AC_UL320_.jpg,1,51,51,False,0,USD,0.0,0.0,0,17,4.0
B09C2K9NQR,https://www.amazon.com/dp/B09C2K9NQR,88.20,False,False,False,True,"Care Touch Bundle with Diabetes Testing Kit, Twist Top Lancets, and Blood Glucose Test Strips (3 Items)",https://m.media-amazon.com/images/I/41JHOUobS3L._AC_UL320_.jpg,1,52,52,False,0,USD,0.0,0.0,0,18,4.9
B0071834GQ,https://www.amazon.com/dp/B0071834GQ,5662.60,False,False,False,True,"OneTouch Verio Level 3 (Mid) Control Solution for Blood Glucose Meters, Test Strips - 0.128 Fl Oz",https://m.media-amazon.com/images/I/71v1aQcat4L._AC_UL320_.jpg,1,53,53,False,0,USD,0.0,0.0,0,1231,4.6
B014MUOHDE,https://www.amazon.com/dp/B014MUOHDE,4022.40,False,False,False,True,TRUE Metrix Blood Glucose Test Strips(100 Count) with 100 TRUEplus Sterile Lancets 28 Gauge,https://m.media-amazon.com/images/I/71NsziPxdiL._AC_UL320_.jpg,1,54,54,True,0,USD,24.0,24.0,100,838,4.8
B007Z0XULY,https://www.amazon.com/dp/B007Z0XULY,14967.00,False,False,False,True,AlphaTRAK 2 Blood Glucose Monitoring System Kit,https://m.media-amazon.com/images/I/81ZoktQTYyL._AC_UL320_.jpg,1,55,55,False,0,USD,0.0,0.0,0,3326,4.5
B09NR96K3D,https://www.amazon.com/dp/B09NR96K3D,52.80,False,False,False,True,"Sponsored Ad - Agrose Blood Glucose Monitor Kit， 100 Test Strips for Diabetes， 100 Blood Sampling Needles, 1 Glucometer， C...",https://m.media-amazon.com/images/I/51bQrgLkr7L._AC_UL320_.jpg,1,56,56,False,0,USD,0.0,0.0,0,12,4.4
B087H8XM5L,https://www.amazon.com/dp/B087H8XM5L,1681.30,False,False,False,True,"Sponsored Ad - CheckUp 10 Parameters Urine Testing Strips for Cats and Dogs x 50 - Detects Urobilinogen, Glucose, Bilirubi...",https://m.media-amazon.com/images/I/619vZ6fOpeL._AC_UL320_.jpg,1,57,57,False,0,USD,0.0,0.0,0,391,4.3
B07199BSMC,https://www.amazon.com/dp/B07199BSMC,25867.20,False,False,False,True,Sponsored Ad - Care Touch Multi Colored Diabetic Lancets 30 Gauge - Lancets for Diabetes Testing and Blood Testing (300 Co...,https://m.media-amazon.com/images/I/61b2V-QwJ+L._AC_UL320_.jpg,1,1,1,False,0,USD,0.0,0.0,0,5389,4.8
B0794DFH6F,https://www.amazon.com/dp/B0794DFH6F,45470.40,False,False,False,True,Sponsored Ad - Care Touch Blood Glucose Test Strips for Diabetes I For Use with Care Touch Blood Sugar Monitor - 1 Box of ...,https://m.media-amazon.com/images/I/71xi00Rr7WS._AC_UL320_.jpg,1,2,2,False,0,USD,0.0,0.0,0,9473,4.8
B071RYXFG8,https://www.amazon.com/dp/B071RYXFG8,13161.60,False,False,False,True,Sponsored Ad - Care Touch Multi Colored Diabetic Lancets 30 Gauge - Lancets for Diabetes Testing and Blood Testing (200 Co...,https://m.media-amazon.com/images/I/61qjaPBkKoL._AC_UL320_.jpg,1,3,3,True,0,USD,11.99,11.99,100,2742,4.8
B01GGGS8BE,https://www.amazon.com/dp/B01GGGS8BE,1348.80,False,False,False,True,Sponsored Ad - Care Touch Diabetic Lancets 30 Gauge - Lancets for Diabetes Testing and Blood Testing - 200 Lancets pack of 1,https://m.media-amazon.com/images/I/7180bRvdSdL._AC_UL320_.jpg,1,4,4,True,0,USD,6.93,6.93,100,281,4.8
B07K36LM21,https://www.amazon.com/dp/B07K36LM21,6297.40,False,False,False,True,"Sidekick All-in-One Glucose Meter Kit – Built in Meter, 50 Test Strips, Lancing Device, 10 Lancets, Control Solution, and ...",https://m.media-amazon.com/images/I/91jo8HPYGOL._AC_UL320_.jpg,1,5,5,False,0,USD,0.0,0.0,0,1369,4.6
B005HJRWRS,https://www.amazon.com/dp/B005HJRWRS,211.20,False,False,False,False,Prodigy Bundle Deal Savings 250 Ct Test Strips,https://m.media-amazon.com/images/I/51YDreBjKLL._AC_UL320_.jpg,1,6,6,False,0,USD,0.0,0.0,0,44,4.8
B015PXUZ0Q,https://www.amazon.com/dp/B015PXUZ0Q,3952.70,False,False,False,False,"Freestyle Precision Neo Blood Glucose Test Strips, 50 Strips",https://m.media-amazon.com/images/I/61Qww20b6CL._AC_UL320_.jpg,1,7,7,False,0,USD,0.0,0.0,0,841,4.7
B08JY4CMGZ,https://www.amazon.com/dp/B08JY4CMGZ,105.80,False,False,False,True,"RENPHO Blood Glucose Test Strips and Lancets Bundle Set (50 of Each) for use with RENPHO Diabetes Sugar Testing Meter, No ...",https://m.media-amazon.com/images/I/71Cbuk9W+aL._AC_UL320_.jpg,1,8,8,False,0,USD,0.0,0.0,0,23,4.6
B08G5BZQVL,https://www.amazon.com/dp/B08G5BZQVL,24088.50,False,False,False,True,KETO-MOJO GK+ Bluetooth Glucose & Ketone Testing Kit + Free APP for Ketosis & Diabetes Management. 20 Blood Test Strips (1...,https://m.media-amazon.com/images/I/71+EykbqwNL._AC_UL320_.jpg,1,9,9,False,0,USD,0.0,0.0,0,5353,4.5
B08L43FQ1S,https://www.amazon.com/dp/B08L43FQ1S,9384.00,False,False,False,True,2 x 50ct TRUE METRIX® NFRS Test Strips (100 Test Strips),https://m.media-amazon.com/images/I/61JqACmwyrL._AC_UL320_.jpg,1,10,10,True,0,USD,22.0,22.0,100,1955,4.8
B006GF3HT4,https://www.amazon.com/dp/B006GF3HT4,211.50,False,False,False,True,Accu- Check Mobile Test Cassettes 100 Tests,https://m.media-amazon.com/images/I/91oDqdk1JlL._AC_UL320_.jpg,1,11,11,False,0,USD,0.0,0.0,0,47,4.5
B008320DFE,https://www.amazon.com/dp/B008320DFE,1215.00,False,False,False,False,Accu-Chek SmartView Test Strips Box of 50,https://m.media-amazon.com/images/I/61TJI4+h91L._AC_UL320_.jpg,1,12,12,True,0,USD,64.94,64.94,100,270,4.5
B01IF552QS,https://www.amazon.com/dp/B01IF552QS,796.80,False,False,False,False,"Bionime GE100 Test Strips, 50 Count (Pack of 6)",https://m.media-amazon.com/images/I/51xvubEKlYL._AC_UL320_.jpg,1,13,13,False,0,USD,0.0,0.0,0,166,4.8
B08F5JKZ29,https://www.amazon.com/dp/B08F5JKZ29,1867.50,False,False,False,True,AlphaTRAK Blood Glucose Monitoring System - Includes 50 Test Strips,https://m.media-amazon.com/images/I/81ZoktQTYyL._AC_UL320_.jpg,1,14,14,False,0,USD,0.0,0.0,0,415,4.5
B001AXRELE,https://www.amazon.com/dp/B001AXRELE,3491.40,False,False,False,False,ACCU-CHEK Aviva Plus Mail Order Test Strips 50-Count Box,https://m.media-amazon.com/images/I/81S+RlukD-L._AC_UL320_.jpg,1,15,15,True,0,USD,21.99,21.99,100,759,4.6
B06XD9X5VK,https://www.amazon.com/dp/B06XD9X5VK,4450.50,False,False,False,True,McKesson 06-RE4051-43 True Metrix Self Monitoring Blood Glucose System,https://m.media-amazon.com/images/I/61z63HpK2AL._AC_UL320_.jpg,1,16,16,False,0,USD,0.0,0.0,0,989,4.5
B08KFG71MG,https://www.amazon.com/dp/B08KFG71MG,73.60,False,False,False,True,TRUE Metrix® AIR Starter Kit Plus TRUE METRIX® Blood Glucose Test Strips NFRS 100ct - 2 Pack (200 Test Strips),https://m.media-amazon.com/images/I/71hIAAvIFeL._AC_UL320_.jpg,1,17,17,True,0,USD,91.0,91.0,100,16,4.6
B07WH823M9,https://www.amazon.com/dp/B07WH823M9,225.40,False,False,False,True,"ONE-CARE 200 count Blood Glucose Test Strips, Precision Sugar Measurement for Diabetics, Monitor Your Diabetes (4 boxes of...",https://m.media-amazon.com/images/I/81EDAr8DkrL._AC_UL320_.jpg,1,18,18,False,0,USD,0.0,0.0,0,49,4.6
B00CJ06ES6,https://www.amazon.com/dp/B00CJ06ES6,188.00,False,False,False,True,GlucoNavii Blood Glucose Test Strips - 50 Ct Box,https://m.media-amazon.com/images/I/718knVt6-6L._AC_UL320_.jpg,1,19,19,False,0,USD,0.0,0.0,0,40,4.7
B094TT7VC3,https://www.amazon.com/dp/B094TT7VC3,189.20,False,False,False,True,"CURO G10 Glucose Home Test Kit : NFC Enabled Connect with CUROfit on iOS & Android Devices- Blood Sugar Monitor Device, 1...",https://m.media-amazon.com/images/I/61xeB14cb4L._AC_UL320_.jpg,1,20,20,False,0,USD,0.0,0.0,0,44,4.3
B018F4BVDM,https://www.amazon.com/dp/B018F4BVDM,19848.00,False,False,False,False,"ReliOn Prime Blood Glucose Test Strips, 100 Count, Single Pack",https://m.media-amazon.com/images/I/71lKjEv+h0L._AC_UL320_.jpg,1,21,21,False,0,USD,0.0,0.0,0,4135,4.8
B0923HDBX5,https://www.amazon.com/dp/B0923HDBX5,33.60,False,False,False,False,"Accu-Chek Test Kit Bundle: 200 Guide Test Strips, Control Solution",https://m.media-amazon.com/images/I/718GqnRj2UL._AC_UL320_.jpg,1,22,22,False,0,USD,0.0,0.0,0,7,4.8
B00F3J4FVS,https://www.amazon.com/dp/B00F3J4FVS,1748.00,False,False,False,False,"Advocate Redi-Code Glucose Test Strips 50/bx - Buy 4, Get 1 FREE",https://m.media-amazon.com/images/I/61QdsrcQJjL._AC_UL320_.jpg,1,23,23,False,0,USD,0.0,0.0,0,380,4.6
B0031ERL90,https://www.amazon.com/dp/B0031ERL90,519.80,False,False,False,True,AgaMatrix Presto Blood Glucose Meter,https://m.media-amazon.com/images/I/71hjVCcL23L._AC_UL320_.jpg,1,24,24,True,0,USD,12.01,12.01,100,113,4.6
B00D47H9HS,https://www.amazon.com/dp/B00D47H9HS,4339.20,False,False,False,False,Prodigy No Coding Blood Glucose Test Strips 300 Count (50 Strips x 6 Packs),https://m.media-amazon.com/images/I/61KcPAiYeqL._AC_UL320_.jpg,1,25,25,True,0,USD,38.99,38.99,100,904,4.8
B08KC5RN48,https://www.amazon.com/dp/B08KC5RN48,30.00,False,False,False,True,TRUE METRIX® GO Starter Kit with TRUE METRIX® Test Strips and TRUEplus® Lancet Bundle,https://m.media-amazon.com/images/I/71ck-52jt+L._AC_UL320_.jpg,1,26,26,True,0,USD,55.99,55.99,100,6,5.0
B08V8NJQC8,https://www.amazon.com/dp/B08V8NJQC8,32.40,False,False,False,False,FreeStyle Optium Neo Glaucometer with Freestyle Optium Neo 50 Test Strips,https://m.media-amazon.com/images/I/41wZG4fHOrL._AC_UL320_.jpg,1,27,27,False,0,USD,0.0,0.0,0,9,3.6
B08KFGKHK6,https://www.amazon.com/dp/B08KFGKHK6,56.40,False,False,False,True,TRUE METRIX® GO Starter Kit with TRUE METRIX® Blood Glucose Test Strips NFRS 100ct - 2 Pack (200 Test Strips),https://m.media-amazon.com/images/I/719c78v1HmL._AC_UL320_.jpg,1,28,28,True,0,USD,76.99,76.99,100,12,4.7
B09KC4TXZ7,https://www.amazon.com/dp/B09KC4TXZ7,364.00,False,False,False,True,"Sponsored Ad - Blood Sugar Test Kit, Diabetes Testing Kit with 100 Test Strips and 100 Lancets, Blood Glucose Monitor Kit ...",https://m.media-amazon.com/images/I/71fj8T3pULL._AC_UL320_.jpg,1,29,29,False,0,USD,0.0,0.0,0,91,4.0
B093GK1VYD,https://www.amazon.com/dp/B093GK1VYD,198.00,False,False,False,True,Sponsored Ad - Blood Glucose Monitor - Diabetes Testing Kit with 100 Test Strips and 100 Lancets - Blood Glucose Meter wit...,https://m.media-amazon.com/images/I/71pre-8ou3S._AC_UL320_.jpg,1,30,30,False,0,USD,0.0,0.0,0,44,4.5
B07G3BNXR6,https://www.amazon.com/dp/B07G3BNXR6,41039.20,False,False,False,True,Sponsored Ad - DARIO Blood Glucose Monitor Kit Test Your Blood Sugar Levels and Estimate A1c After 3m. Kit Includes: Gluco...,https://m.media-amazon.com/images/I/61oi8JnoYMS._AC_UL320_.jpg,1,31,31,False,0,USD,0.0,0.0,0,9544,4.3
B00TYUFQW4,https://www.amazon.com/dp/B00TYUFQW4,691.20,False,False,False,True,Quintet AC Glucose Strip 50/bx,https://m.media-amazon.com/images/I/41DpIKbYqcS._AC_UL320_.jpg,1,32,32,False,0,USD,0.0,0.0,0,144,4.8
B06W53ZLTK,https://www.amazon.com/dp/B06W53ZLTK,13564.20,False,False,False,False,The CONTOUR NEXT ONE Blood Glucose Monitoring System,https://m.media-amazon.com/images/I/819qLVNzPhL._AC_UL320_.jpg,1,34,34,True,0,USD,19.07,19.07,100,2886,4.7
B0881FD3XN,https://www.amazon.com/dp/B0881FD3XN,216.20,False,False,False,True,"MediVena ONE-CARE Glucose Test Strips (50 Count) for use with ONE-CARE Meter - Blood Sugar Monitoring by Diabetics, Box of 50",https://m.media-amazon.com/images/I/71nQ-ftNl-L._AC_UL320_.jpg,1,35,35,False,0,USD,0.0,0.0,0,46,4.7
B07JPYMWYZ,https://www.amazon.com/dp/B07JPYMWYZ,21756.30,False,False,False,True,Dario 100 Blood Glucose No Coding Needed Test Strips Cartridge Set - Only for The Dario All-in-One Lancing Device and Mete...,https://m.media-amazon.com/images/I/61nVnJSJhzL._AC_UL320_.jpg,1,36,36,True,0,USD,59.99,59.99,100,4629,4.7
B00OMFWJP8,https://www.amazon.com/dp/B00OMFWJP8,828.00,False,False,False,False,"Medline EvenCare G2 Blood Glucose Monitoring System Starter Kit, Includes Meter, Batteries, Lancing Device, 10 Lancets, 10...",https://m.media-amazon.com/images/I/81wO0VtcD1L._AC_UL320_.jpg,1,37,37,False,0,USD,0.0,0.0,0,180,4.6
B07RMYD9SC,https://www.amazon.com/dp/B07RMYD9SC,10522.10,False,False,False,False,Accu-Chek Instant glucometer with 10 Test Strips Free (White),https://m.media-amazon.com/images/I/51w4vQ9KuFL._AC_UL320_.jpg,1,38,38,False,0,USD,0.0,0.0,0,2447,4.3
B08PVZKVL4,https://www.amazon.com/dp/B08PVZKVL4,1316.00,False,False,False,True,OneTouch Verio Test Strips and OneTouch Delica Plus Lancets for Diabetes Testing | 60-Count Value Pack (30 Lancets & 30 Te...,https://m.media-amazon.com/images/I/71bSUTFKsTL._AC_UL320_.jpg,1,39,39,False,0,USD,0.0,0.0,0,280,4.7
B08KFK7M3N,https://www.amazon.com/dp/B08KFK7M3N,67.20,False,False,False,True,TRUE METRIX® Starter Kit Plus TRUE METRIX® Blood Glucose Test Strips NFRS 100ct - 2 Pack (200 Test Strips),https://m.media-amazon.com/images/I/71v2HeGQdGL._AC_UL320_.jpg,1,40,40,True,0,USD,81.99,81.99,100,14,4.8
B00258KM0S,https://www.amazon.com/dp/B00258KM0S,1984.40,False,False,False,True,"OneTouch Ultra Control Solution for Blood Glucose Meters, Test Strips - 0.126 Fl Oz",https://m.media-amazon.com/images/I/71dJXNf89JL._AC_UL320_.jpg,1,41,41,False,0,USD,0.0,0.0,0,451,4.4
B071SH4STX,https://www.amazon.com/dp/B071SH4STX,713.00,False,False,False,False,CJ542050BX - GLUCOCARD Shine Blood Glucose Test Strip (50 count),https://m.media-amazon.com/images/I/4114X9kYShL._AC_UL320_.jpg,1,42,42,False,0,USD,0.0,0.0,0,155,4.6
B0945ZWBWM,https://www.amazon.com/dp/B0945ZWBWM,61.10,False,False,False,True,"Next-Level-Med Diabetes Testing Kit - Includes 200 Strips, 200 Lancets, 1 EZ Blood Glucose Meter, 1 Lancing Device, 1 Cont...",https://m.media-amazon.com/images/I/61LfO7-HWhL._AC_UL320_.jpg,1,43,43,False,0,USD,0.0,0.0,0,13,4.7
B00Y4KOBWK,https://www.amazon.com/dp/B00Y4KOBWK,6182.40,False,False,False,True,True Metrix Blood Glucose Test Strips Box of 50,https://m.media-amazon.com/images/I/6127qkwgavL._AC_UL320_.jpg,1,44,44,True,0,USD,18.29,18.29,100,1288,4.8
B00HA7228O,https://www.amazon.com/dp/B00HA7228O,50.00,False,False,False,False,ACCU-CHEK SmartView Test Strips 50 Each (Pack of 3),https://m.media-amazon.com/images/I/81XQoDtTJaL._AC_UL320_.jpg,1,45,45,False,0,USD,0.0,0.0,0,10,5.0
B004WHU3EU,https://www.amazon.com/dp/B004WHU3EU,1616.80,False,False,False,False,"Accu-Chek Aviva Meter Blood Glucose Diabetes Testing Kit with Aviva Meter, Softclix Lancing Device, and 10 Lancets",https://m.media-amazon.com/images/I/71+T2OFuLFL._AC_UL320_.jpg,1,46,46,False,0,USD,0.0,0.0,0,344,4.7
B07KCKGW8J,https://www.amazon.com/dp/B07KCKGW8J,326.80,False,False,False,True,Reliable Diathrive Blood Sugar Test Kit & Blood Glucose Monitoring System – 4 Second Results! Glucometer/Glucose Meter Kit...,https://m.media-amazon.com/images/I/81IMTCO1L9L._AC_UL320_.jpg,1,47,47,False,0,USD,0.0,0.0,0,76,4.3
B07D9S14SN,https://www.amazon.com/dp/B07D9S14SN,3508.80,False,False,False,True,One Drop Glucose Test Strips (50 Count)—Compatible with One Drop Glucose Meter and Diabetes Starter Kit,https://m.media-amazon.com/images/I/51E0THoutXL._AC_UL320_.jpg,1,48,48,False,0,USD,0.0,0.0,0,816,4.3
B00F45UYUM,https://www.amazon.com/dp/B00F45UYUM,553.50,False,False,False,False,Easy Touch Glucose Monitor Kit Combo (Meter Kit and Test Strips 100ct),https://m.media-amazon.com/images/I/41R0+nzRN6L._AC_UL320_.jpg,1,49,49,False,0,USD,0.0,0.0,0,123,4.5
B07FZR2JV6,https://www.amazon.com/dp/B07FZR2JV6,34.40,False,False,False,True,"Blood Glucose Monitor, Carejoy Electronic Glucometer Digital Handheld Diabetes Test Meter Monitor Kit with 50 Free Test St...",https://m.media-amazon.com/images/I/61d3H7Tp5QS._AC_UL320_.jpg,1,50,50,True,0,USD,23.99,23.99,100,8,4.3
B092QQ37W3,https://www.amazon.com/dp/B092QQ37W3,98.40,False,False,False,False,"Diabetes Testing Kit Electronic Glucometer Digital Handheld Blood Glucose Monitor 50 Test Strips, 50 Lancets",https://m.media-amazon.com/images/I/61ZzvDtw2kS._AC_UL320_.jpg,1,51,51,False,0,USD,0.0,0.0,0,24,4.1
B094VL1SML,https://www.amazon.com/dp/B094VL1SML,180.40,False,False,False,True,"FORA 6 Connect Blood Glucose Set with 1 Meter, 50 Test Strips, 50 Lancets, Painless Design Lancing Device, Carry Case, Acc...",https://m.media-amazon.com/images/I/61C-jIPw9FS._AC_UL320_.jpg,1,52,52,False,0,USD,0.0,0.0,0,41,4.4
B00D46QOXY,https://www.amazon.com/dp/B00D46QOXY,1034.00,False,False,False,True,Prodigy No Coding Blood Glucose Test Strips 500 Count,https://m.media-amazon.com/images/I/71IHR7rmiTS._AC_UL320_.jpg,1,53,53,True,0,USD,109.95,109.95,100,220,4.7
B08KFHB61D,https://www.amazon.com/dp/B08KFHB61D,464.60,False,False,False,True,Bundle & Save Dario Diabetes Blood Glucose Meter Kit. Test Blood Sugar Estimate A1c. All-in-One Smart Blood Sugar Monitor...,https://m.media-amazon.com/images/I/61UtxF2NysL._AC_UL320_.jpg,1,54,54,False,0,USD,0.0,0.0,0,101,4.6
B00Q3YYUW6,https://www.amazon.com/dp/B00Q3YYUW6,25.80,False,False,False,True,"Medline Evencare G2 Blood Glucose Test Strips, For self-testing with Evencare G2 Monitoring System (Pack of 600) (MPH1550)",https://m.media-amazon.com/images/I/61iSwNGlF7L._AC_UL320_.jpg,1,55,55,False,0,USD,0.0,0.0,0,6,4.3
B09NR96K3D,https://www.amazon.com/dp/B09NR96K3D,52.80,False,False,False,True,"Sponsored Ad - Agrose Blood Glucose Monitor Kit， 100 Test Strips for Diabetes， 100 Blood Sampling Needles, 1 Glucometer， C...",https://m.media-amazon.com/images/I/51bQrgLkr7L._AC_UL320_.jpg,1,56,56,False,0,USD,0.0,0.0,0,12,4.4
B01AK8YDE0,https://www.amazon.com/dp/B01AK8YDE0,2119.70,False,False,False,True,Sponsored Ad - PetTest Diabetes Blood Glucose Tests Strips for Dogs and Cats for use with PetTest Glucose Monitor (50 Strips),https://m.media-amazon.com/images/I/71G3imbXQwL._AC_UL320_.jpg,1,57,57,False,0,USD,0.0,0.0,0,451,4.7
B01CF4M5EM,https://www.amazon.com/dp/B01CF4M5EM,37.80,False,False,False,False,QUINTET AC Blood Glucose Monitoring System,https://m.media-amazon.com/images/I/51AgrDNtRNL._AC_UL320_.jpg,1,35,35,False,0,USD,0.0,0.0,0,9,4.2
B007CLRD3W,https://www.amazon.com/dp/B007CLRD3W,151.20,False,False,False,False,TRUEresult Blood Glucose Monitoring System,https://m.media-amazon.com/images/I/71sH9V3CfAL._AC_UL320_.jpg,1,36,36,False,0,USD,0.0,0.0,0,42,3.6
B000REPUXG,https://www.amazon.com/dp/B000REPUXG,503.10,False,False,False,False,Bayer's Breeze2 Blood Glucose Monitoring System,https://m.media-amazon.com/images/I/815HRwsnS5S._AC_UL320_.jpg,1,37,37,False,0,USD,0.0,0.0,0,117,4.3
B00DVK3N3C,https://www.amazon.com/dp/B00DVK3N3C,57.40,False,False,False,False,EasyComforts Advocate RediCode Speaking Meter,https://m.media-amazon.com/images/I/81tEz7vqVEL._AC_UL320_.jpg,1,44,44,False,0,USD,0.0,0.0,0,14,4.1
B01GGGS8BE,https://www.amazon.com/dp/B01GGGS8BE,1348.80,False,False,False,True,Sponsored Ad - Care Touch Diabetic Lancets 30 Gauge - Lancets for Diabetes Testing and Blood Testing - 200 Lancets pack of 1,https://m.media-amazon.com/images/I/7180bRvdSdL._AC_UL320_.jpg,1,1,1,True,0,USD,6.93,6.93,100,281,4.8
B071RYXFG8,https://www.amazon.com/dp/B071RYXFG8,13161.60,False,False,False,True,Sponsored Ad - Care Touch Multi Colored Diabetic Lancets 30 Gauge - Lancets for Diabetes Testing and Blood Testing (200 Co...,https://m.media-amazon.com/images/I/61qjaPBkKoL._AC_UL320_.jpg,1,2,2,True,0,USD,11.99,11.99,100,2742,4.8
B07199BSMC,https://www.amazon.com/dp/B07199BSMC,25867.20,False,False,False,True,Sponsored Ad - Care Touch Multi Colored Diabetic Lancets 30 Gauge - Lancets for Diabetes Testing and Blood Testing (300 Co...,https://m.media-amazon.com/images/I/61b2V-QwJ+L._AC_UL320_.jpg,1,3,3,False,0,USD,0.0,0.0,0,5389,4.8
B07MT5C8ZL,https://www.amazon.com/dp/B07MT5C8ZL,1212.60,False,False,False,True,Sponsored Ad - DISONCARE 60H 2 Insulin Pen Cooler Travel Case Diabetic Travel Cooler Ice Pack for Medication with Medical ...,https://m.media-amazon.com/images/I/7140jDwyASL._AC_UL320_.jpg,1,4,4,False,0,USD,0.0,0.0,0,258,4.7
B00CI4KF56,https://www.amazon.com/dp/B00CI4KF56,1212.60,False,False,False,True,GE100 Blood Glucose Monitoring System,https://m.media-amazon.com/images/I/61olc--ZhwL._AC_UL320_.jpg,1,5,5,False,0,USD,0.0,0.0,0,258,4.7
B006QNRGJS,https://www.amazon.com/dp/B006QNRGJS,216.00,False,False,False,False,OP72500BX - Prodigy No Coding Test Strip (50 count),https://m.media-amazon.com/images/I/31Cz56JbIPL._AC_UL320_.jpg,1,6,6,False,0,USD,0.0,0.0,0,48,4.5
B08DX7FF7F,https://www.amazon.com/dp/B08DX7FF7F,2028.60,False,False,False,True,TRUE METRIX® AIR Meter Starter Kit,https://m.media-amazon.com/images/I/81vJ4zGqDcL._AC_UL320_.jpg,1,7,7,False,0,USD,0.0,0.0,0,441,4.6
B078YG5RK8,https://www.amazon.com/dp/B078YG5RK8,10.00,False,False,False,False,"Accu-Chek Aviva Plus Test Strips - 50 ct, Pack of 5",https://m.media-amazon.com/images/I/41t3iy-EtsL._AC_UL320_.jpg,1,10,10,False,0,USD,0.0,0.0,0,2,5.0
B0047Z1PAS,https://www.amazon.com/dp/B0047Z1PAS,448.80,False,False,False,False,On Call Plus Blood Glucose Test Strips (50 Test Strips),https://m.media-amazon.com/images/I/51XrEz9ckyL._AC_UL320_.jpg,1,11,11,True,0,USD,12.0,12.0,100,102,4.4
B013JUCB2W,https://www.amazon.com/dp/B013JUCB2W,126.00,False,False,False,False,Gluco Navii Blood Glucose Monitoring System + 50 Free Test Strips,https://m.media-amazon.com/images/I/51GbEVq+7HL._AC_UL320_.jpg,1,12,12,False,0,USD,0.0,0.0,0,28,4.5
B08DTJG5BJ,https://www.amazon.com/dp/B08DTJG5BJ,68.80,False,False,False,False,"Electronic Glucose Meter Kit, Blood Glucose Monitor Digital Glucometer Handheld Diabetes Test Meter Kit with Free 50 Test ...",https://m.media-amazon.com/images/I/41dYmyavfYS._AC_UL320_.jpg,1,13,13,False,0,USD,0.0,0.0,0,16,4.3
B07RKFZXKP,https://www.amazon.com/dp/B07RKFZXKP,1889.40,False,False,False,False,"ReliOn Prime Blood Glucose Test Strips, 25 Count (2 Pack)",https://m.media-amazon.com/images/I/71Bo4NL999L._AC_UL320_.jpg,1,14,14,False,0,USD,0.0,0.0,0,402,4.7
B07PWYKFJC,https://www.amazon.com/dp/B07PWYKFJC,30.00,False,False,False,False,3in1 Easytouch Glucose Cholesterol Uric Acid Monitor Test Strips Lancing Device Lancets and Carrying Case,https://m.media-amazon.com/images/I/61FVtaatoDL._AC_UL320_.jpg,1,15,15,False,0,USD,0.0,0.0,0,10,3.0
B07KC565L2,https://www.amazon.com/dp/B07KC565L2,76.00,False,False,False,True,Small Protective Hard Shell Diabetic Travel Case Testing Kit Organizer for Glucose Meter,https://m.media-amazon.com/images/I/51+KxbnsSML._AC_UL320_.jpg,1,17,17,False,0,USD,0.0,0.0,0,19,4.0
B08JMDC6P3,https://www.amazon.com/dp/B08JMDC6P3,464.60,False,False,False,True,Bundle & Save Dario Diabetes Blood Glucose Meter Kit. Test Blood Sugar Estimate A1c. All-in-One Smart Blood Sugar Monitor ...,https://m.media-amazon.com/images/I/61UnneK84SL._AC_UL320_.jpg,1,18,18,True,0,USD,89.8,89.8,100,101,4.6
B000KK8HBY,https://www.amazon.com/dp/B000KK8HBY,2250.00,False,False,False,False,"OneTouch Ultra Mini Blood Glucose Monitoring System, Silver Moon",https://m.media-amazon.com/images/I/912Sq1vjeXL._AC_UL320_.jpg,1,19,19,False,0,USD,0.0,0.0,0,500,4.5
B08W9Q9FX3,https://www.amazon.com/dp/B08W9Q9FX3,347.60,False,False,False,False,Rebel Pop-in Test Strip modules for Blood Glucose Meter by Pops (Lance Level 3),https://m.media-amazon.com/images/I/81ncI+1QYeL._AC_UL320_.jpg,1,20,20,False,0,USD,0.0,0.0,0,79,4.4
B00DVJZ88Q,https://www.amazon.com/dp/B00DVJZ88Q,1459.20,False,False,False,False,Contour Next EZ meter,https://m.media-amazon.com/images/I/31YcfwFnqJL._AC_UL320_.jpg,1,21,21,False,0,USD,0.0,0.0,0,304,4.8
B00DVK01GO,https://www.amazon.com/dp/B00DVK01GO,789.60,False,False,False,False,ACCU-CHEK SmartView Test Strips 50 Each,https://m.media-amazon.com/images/I/61Ax-xbuVJL._AC_UL320_.jpg,1,23,23,False,0,USD,0.0,0.0,0,168,4.7
B074PPPD8H,https://www.amazon.com/dp/B074PPPD8H,58.50,False,False,False,False,"ixaer (Shipping from USA) Diabetes Monitoring Kits, 50 Free Test Strips,Lancets-Electronic Glucometer Digital Handheld Blo...",https://m.media-amazon.com/images/I/61X6+k9W8eL._AC_UL320_.jpg,1,24,24,False,0,USD,0.0,0.0,0,15,3.9
B0049PPUGG,https://www.amazon.com/dp/B0049PPUGG,172.80,False,False,False,False,AlphaTrak 2 Control Solution Package of 2 Bottles,https://m.media-amazon.com/images/I/61EmQuiDbfL._AC_UL320_.jpg,1,25,25,False,0,USD,0.0,0.0,0,36,4.8
B08BDHQ3CC,https://www.amazon.com/dp/B08BDHQ3CC,50.40,False,False,False,False,Advocate Redi-Code Plus Test Strips Package - 6 Boxes (300ct) with Non-Speaking Blood Glucose Meter,https://m.media-amazon.com/images/I/719oSBEYIkL._AC_UL320_.jpg,1,26,26,False,0,USD,0.0,0.0,0,12,4.2
B00839SM0A,https://www.amazon.com/dp/B00839SM0A,220.80,False,False,False,True,"Evencare-MPH1540 Medline EvenCare G2 Blood Glucose Monitoring Meter, Includes Meter, Batteries, Guide, Carrying Case, Log ...",https://m.media-amazon.com/images/I/81BS0a-rZyL._AC_UL320_.jpg,1,28,28,True,0,USD,25.0,25.0,100,48,4.6
B087NPJX1W,https://www.amazon.com/dp/B087NPJX1W,28358.40,False,False,False,False,Sponsored Ad - Accu-Chek Guide Test Strips for Diabetic Blood Glucose Testing (Pack of 100),https://m.media-amazon.com/images/I/71imFW8YsAL._AC_UL320_.jpg,1,29,29,False,0,USD,0.0,0.0,0,5908,4.8
B076VSWYZF,https://www.amazon.com/dp/B076VSWYZF,9898.20,False,False,False,True,Sponsored Ad - Care Touch Blood Glucose Test Strips for Diabetes I For Use with Care Touch Blood Sugar Monitor - 1 Box of ...,https://m.media-amazon.com/images/I/71D63eZqZUL._AC_UL320_.jpg,1,30,30,False,0,USD,0.0,0.0,0,2106,4.7
B09KC4TXZ7,https://www.amazon.com/dp/B09KC4TXZ7,364.00,False,False,False,True,"Sponsored Ad - Blood Sugar Test Kit, Diabetes Testing Kit with 100 Test Strips and 100 Lancets, Blood Glucose Monitor Kit ...",https://m.media-amazon.com/images/I/71fj8T3pULL._AC_UL320_.jpg,1,31,31,False,0,USD,0.0,0.0,0,91,4.0
B075DGTJCD,https://www.amazon.com/dp/B075DGTJCD,159.90,False,False,False,True,Bruno MD6 Blood Ketone & Glucose Monitoring System | Track Your Ketones & Ketogenic Diet Progress | Ketosis Test Kit with ...,https://m.media-amazon.com/images/I/81txzq-rbDL._AC_UL320_.jpg,1,32,32,False,0,USD,0.0,0.0,0,39,4.1
B07P4612JM,https://www.amazon.com/dp/B07P4612JM,6992.00,False,False,False,True,"AUVON Lancing Device with Less Pain Design, Blood Sample Pen and Twist Top 100pcs 30 Gauge Lancets for Blood Sugar Level M...",https://m.media-amazon.com/images/I/713ZI7L3j0L._AC_UL320_.jpg,1,34,34,True,0,USD,16.99,16.99,100,1520,4.6
B09Q32P2H9,https://www.amazon.com/dp/B09Q32P2H9,16.40,False,False,False,True,"latulipo Blood Glucose Monitor Kit, with 1 Blood Sugar Test Kit, 50 Blood Glucose Test Strips, 1 Blood Glucose Meter Lanci...",https://m.media-amazon.com/images/I/51TDvhLhVML._AC_UL320_.jpg,1,35,35,False,0,USD,0.0,0.0,0,4,4.1
B0716J6KMD,https://www.amazon.com/dp/B0716J6KMD,2861.20,False,False,False,False,Accu-Chek Guide Blood Glucose Monitoring System - 1 Each,https://m.media-amazon.com/images/I/71nYlsOwieL._AC_UL320_.jpg,1,37,37,False,0,USD,0.0,0.0,0,622,4.6
B077J5FDNV,https://www.amazon.com/dp/B077J5FDNV,721.60,False,False,False,False,"FORA Pro Voice V8 Diabetes Testing Kit for Accurate and Easy Monitoring Your Blood Glucose with Talking Glucometer, 1 Mete...",https://m.media-amazon.com/images/I/41lA+j0uOxL._AC_UL320_.jpg,1,38,38,False,0,USD,0.0,0.0,0,164,4.4
B08L2XX2BX,https://www.amazon.com/dp/B08L2XX2BX,12.60,False,False,False,False,3in1 Easytouch Glucose Cholesterol Uric Acid Monitor Test Strips Lancing Device Lancets and Carrying Case,https://m.media-amazon.com/images/I/51oW5SM1RoL._AC_UL320_.jpg,1,39,39,False,0,USD,0.0,0.0,0,3,4.2
B00DVK17DA,https://www.amazon.com/dp/B00DVK17DA,562.50,False,False,False,False,"EasyTouch Diabetes Testing Kit, EasyTouch Blood Glucose Meter, 100 EasyTouch Blood Glucose Test Strips, 100 EasyTouch Lanc...",https://m.media-amazon.com/images/I/818KIfZH1iL._AC_UL320_.jpg,1,40,40,False,0,USD,0.0,0.0,0,125,4.5
B08FXTPCGG,https://www.amazon.com/dp/B08FXTPCGG,2695.60,False,False,False,False,"OneTouch Verio Reflect Blood Glucose Meter | Glucose Monitor For Blood Sugar Test Kit | Includes Blood Glucose Monitor, La...",https://m.media-amazon.com/images/I/71H8gArTZjL._AC_UL320_.jpg,1,41,41,True,0,USD,29.99,29.99,100,586,4.6
B08RK5C29F,https://www.amazon.com/dp/B08RK5C29F,219.30,False,False,False,True,CURO G10 Glucose Home Test Kit - Device and Set of 110 Test Strips : NFC Enabled Connect with CUROfit (App) on iOS & Andro...,https://m.media-amazon.com/images/I/51srjRIWUJL._AC_UL320_.jpg,1,42,42,False,0,USD,0.0,0.0,0,51,4.3
B07DXBS6ZF,https://www.amazon.com/dp/B07DXBS6ZF,51.60,False,False,False,True,"Myabetic Dinosaur Diabetes case for Glucose Meter, glucagon, Test Strips, Lancing Device",https://m.media-amazon.com/images/I/81B9EM6HPhL._AC_UL320_.jpg,1,43,43,False,0,USD,0.0,0.0,0,12,4.3
B07GX88FQN,https://www.amazon.com/dp/B07GX88FQN,22.80,False,False,False,True,Eva Hard Shell James Diabetes Compact Case for Glucose Meter Test Strips Lancing Device. (Black),https://m.media-amazon.com/images/I/51pWD2PUEqL._AC_UL320_.jpg,1,44,44,False,0,USD,0.0,0.0,0,6,3.8
B073RHV4BV,https://www.amazon.com/dp/B073RHV4BV,68.40,False,False,False,False,"Lolicute Blood Glucose Monitor Kit,Electronic Glucometer Digital Handheld Diabetes Test Meter Monitor Kit with 50 Free Tes...",https://m.media-amazon.com/images/I/61dtE8Tm1ZL._AC_UL320_.jpg,1,45,45,False,0,USD,0.0,0.0,0,19,3.6
B00DJABBFG,https://www.amazon.com/dp/B00DJABBFG,45.00,False,False,False,False,Prodigy Autocode 50 Test Strips,https://m.media-amazon.com/images/I/41aIeN4Mg-L._AC_UL320_.jpg,1,46,46,False,0,USD,0.0,0.0,0,9,5.0
B07GX9X31V,https://www.amazon.com/dp/B07GX9X31V,52.00,False,False,False,True,Nylon Hard Shell James Diabetes Compact Case for Glucose Meter Test Strips Lancing Device. (Red),https://m.media-amazon.com/images/I/51Q5bLaG6TL._AC_UL320_.jpg,1,48,48,False,0,USD,0.0,0.0,0,13,4.0
B008FOEVLW,https://www.amazon.com/dp/B008FOEVLW,25.00,False,False,False,True,Prodigy Blood Glucose Test Strips,https://m.media-amazon.com/images/I/61p2xO25L0S._AC_UL320_.jpg,1,50,50,False,0,USD,0.0,0.0,0,5,5.0
B008MU09EC,https://www.amazon.com/dp/B008MU09EC,409.40,False,False,False,False,Diabetes Testing Kit Glucose Testing Kit includes Embrace Talk Meter 100 Embrace Talk Test strips 100 Embrace 30g Lancets ...,https://m.media-amazon.com/images/I/51CQA4fxkNL._AC_UL320_.jpg,1,52,52,False,0,USD,0.0,0.0,0,89,4.6
B00QH65O48,https://www.amazon.com/dp/B00QH65O48,662.40,False,False,False,False,Abbott Freestyle Lite Blood Glucose Meter with Case,https://m.media-amazon.com/images/I/61Xpt4QmBuL._AC_UL320_.jpg,1,53,53,False,0,USD,0.0,0.0,0,144,4.6
B01GU3SKZM,https://www.amazon.com/dp/B01GU3SKZM,4213.60,False,False,False,False,True Decor TrueMetrix Self Monitoring Blood Glucose Meter (Triple Sense Technology),https://m.media-amazon.com/images/I/810RZIxG3qL._AC_UL320_.jpg,1,55,55,True,0,USD,10.8,10.8,100,916,4.6
B093GK1VYD,https://www.amazon.com/dp/B093GK1VYD,198.00,False,False,False,True,Sponsored Ad - Blood Glucose Monitor - Diabetes Testing Kit with 100 Test Strips and 100 Lancets - Blood Glucose Meter wit...,https://m.media-amazon.com/images/I/71pre-8ou3S._AC_UL320_.jpg,1,56,56,False,0,USD,0.0,0.0,0,44,4.5
B00KBZ4Y5G,https://www.amazon.com/dp/B00KBZ4Y5G,931.50,False,False,False,False,Sponsored Ad - A1CNow+ System (Monitor w/20 Strips) PTS Diagnostics (Diabetes),https://m.media-amazon.com/images/I/310x7pg7FIL._AC_UL320_.jpg,1,57,57,False,0,USD,0.0,0.0,0,207,4.5
